latitude,longitude,count,city,l_district,l_city,l_province
39.504504,116.300656,35,北京,大兴区,北京市,北京市
39.504504,116.347656,23,北京,大兴区,北京市,北京市
39.504504,116.394656,6,北京,大兴区,北京市,北京市
39.54054,115.783656,13,北京,房山区,北京市,北京市
39.54054,116.300656,8,北京,大兴区,北京市,北京市
39.54054,116.347656,9,北京,大兴区,北京市,北京市
39.54054,116.441656,21,北京,大兴区,北京市,北京市
39.576576,115.736656,33,北京,房山区,北京市,北京市
39.576576,115.830656,6,北京,房山区,北京市,北京市
39.576576,115.877656,25,北京,房山区,北京市,北京市
39.576576,116.065656,4,北京,房山区,北京市,北京市
39.576576,116.253656,16,北京,大兴区,北京市,北京市
39.576576,116.300656,6,北京,大兴区,北京市,北京市
39.576576,116.441656,4,北京,大兴区,北京市,北京市
39.612612,115.689656,18,北京,房山区,北京市,北京市
39.612612,115.783656,11,北京,房山区,北京市,北京市
39.612612,115.877656,3,北京,房山区,北京市,北京市
39.612612,115.924656,34,北京,房山区,北京市,北京市
39.612612,115.971656,13,北京,房山区,北京市,北京市
39.612612,116.018656,30,北京,房山区,北京市,北京市
39.612612,116.065656,29,北京,房山区,北京市,北京市
39.612612,116.112656,13,北京,房山区,北京市,北京市
39.612612,116.159656,3,北京,房山区,北京市,北京市
39.612612,116.206656,7,北京,房山区,北京市,北京市
39.612612,116.300656,60,北京,大兴区,北京市,北京市
39.612612,116.347656,19,北京,大兴区,北京市,北京市
39.612612,116.394656,10,北京,大兴区,北京市,北京市
39.612612,116.441656,8,北京,大兴区,北京市,北京市
39.612612,116.488656,45,北京,大兴区,北京市,北京市
39.612612,116.629656,4,北京,大兴区,北京市,北京市
39.612612,116.676656,3,北京,大兴区,北京市,北京市
39.612612,116.770656,6,北京,通州区,北京市,北京市
39.648648,115.548656,19,北京,房山区,北京市,北京市
39.648648,115.595656,104,北京,房山区,北京市,北京市
39.648648,115.642656,21,北京,房山区,北京市,北京市
39.648648,115.736656,3,北京,房山区,北京市,北京市
39.648648,115.830656,3,北京,房山区,北京市,北京市
39.648648,115.924656,16,北京,房山区,北京市,北京市
39.648648,115.971656,12,北京,房山区,北京市,北京市
39.648648,116.018656,6,北京,房山区,北京市,北京市
39.648648,116.065656,128,北京,房山区,北京市,北京市
39.648648,116.112656,13,北京,房山区,北京市,北京市
39.648648,116.159656,18,北京,房山区,北京市,北京市
39.648648,116.206656,9,北京,房山区,北京市,北京市
39.648648,116.253656,26,北京,大兴区,北京市,北京市
39.648648,116.300656,68,北京,大兴区,北京市,北京市
39.648648,116.347656,10,北京,大兴区,北京市,北京市
39.648648,116.394656,17,北京,大兴区,北京市,北京市
39.648648,116.441656,6,北京,大兴区,北京市,北京市
39.648648,116.488656,5,北京,大兴区,北京市,北京市
39.648648,116.582656,6,北京,大兴区,北京市,北京市
39.648648,116.629656,59,北京,大兴区,北京市,北京市
39.648648,116.676656,14,北京,大兴区,北京市,北京市
39.648648,116.770656,6,北京,通州区,北京市,北京市
39.684684,115.830656,5,北京,房山区,北京市,北京市
39.684684,115.877656,7,北京,房山区,北京市,北京市
39.684684,115.924656,13,北京,房山区,北京市,北京市
39.684684,115.971656,347,北京,房山区,北京市,北京市
39.684684,116.018656,29,北京,房山区,北京市,北京市
39.684684,116.065656,84,北京,房山区,北京市,北京市
39.684684,116.112656,12,北京,房山区,北京市,北京市
39.684684,116.159656,29,北京,房山区,北京市,北京市
39.684684,116.206656,7,北京,房山区,北京市,北京市
39.684684,116.253656,46,北京,大兴区,北京市,北京市
39.684684,116.300656,632,北京,大兴区,北京市,北京市
39.684684,116.347656,68,北京,大兴区,北京市,北京市
39.684684,116.394656,16,北京,大兴区,北京市,北京市
39.684684,116.441656,11,北京,大兴区,北京市,北京市
39.684684,116.488656,4,北京,大兴区,北京市,北京市
39.684684,116.535656,51,北京,大兴区,北京市,北京市
39.684684,116.582656,29,北京,大兴区,北京市,北京市
39.684684,116.676656,7,北京,通州区,北京市,北京市
39.684684,116.723656,10,北京,通州区,北京市,北京市
39.684684,116.770656,8,北京,通州区,北京市,北京市
39.684684,116.817656,9,北京,通州区,北京市,北京市
39.72072,115.736656,4,北京,房山区,北京市,北京市
39.72072,115.924656,4,北京,房山区,北京市,北京市
39.72072,115.971656,283,北京,房山区,北京市,北京市
39.72072,116.018656,57,北京,房山区,北京市,北京市
39.72072,116.065656,148,北京,房山区,北京市,北京市
39.72072,116.112656,317,北京,房山区,北京市,北京市
39.72072,116.159656,898,北京,房山区,北京市,北京市
39.72072,116.206656,67,北京,房山区,北京市,北京市
39.72072,116.253656,14,北京,大兴区,北京市,北京市
39.72072,116.300656,133,北京,大兴区,北京市,北京市
39.72072,116.347656,835,北京,大兴区,北京市,北京市
39.72072,116.394656,59,北京,大兴区,北京市,北京市
39.72072,116.441656,68,北京,大兴区,北京市,北京市
39.72072,116.488656,20,北京,大兴区,北京市,北京市
39.72072,116.535656,93,北京,大兴区,北京市,北京市
39.72072,116.582656,47,北京,通州区,北京市,北京市
39.72072,116.629656,4,北京,大兴区,北京市,北京市
39.72072,116.676656,4,北京,通州区,北京市,北京市
39.72072,116.723656,21,北京,通州区,北京市,北京市
39.72072,116.770656,30,北京,通州区,北京市,北京市
39.72072,116.817656,3,北京,通州区,北京市,北京市
39.72072,116.864656,15,北京,通州区,北京市,北京市
39.756756,115.971656,61,北京,房山区,北京市,北京市
39.756756,116.018656,22,北京,房山区,北京市,北京市
39.756756,116.065656,3,北京,房山区,北京市,北京市
39.756756,116.112656,53,北京,房山区,北京市,北京市
39.756756,116.159656,705,北京,房山区,北京市,北京市
39.756756,116.206656,602,北京,房山区,北京市,北京市
39.756756,116.253656,15,北京,大兴区,北京市,北京市
39.756756,116.300656,288,北京,大兴区,北京市,北京市
39.756756,116.347656,1193,北京,大兴区,北京市,北京市
39.756756,116.394656,119,北京,大兴区,北京市,北京市
39.756756,116.441656,60,北京,大兴区,北京市,北京市
39.756756,116.488656,134,北京,大兴区,北京市,北京市
39.756756,116.535656,722,北京,大兴区,北京市,北京市
39.756756,116.582656,102,北京,通州区,北京市,北京市
39.756756,116.629656,29,北京,通州区,北京市,北京市
39.756756,116.676656,32,北京,通州区,北京市,北京市
39.756756,116.770656,52,北京,通州区,北京市,北京市
39.756756,116.817656,6,北京,通州区,北京市,北京市
39.756756,116.864656,3,北京,通州区,北京市,北京市
39.792792,115.595656,5,北京,房山区,北京市,北京市
39.792792,115.971656,12,北京,房山区,北京市,北京市
39.792792,116.018656,11,北京,房山区,北京市,北京市
39.792792,116.065656,7,北京,房山区,北京市,北京市
39.792792,116.112656,16,北京,丰台区,北京市,北京市
39.792792,116.159656,244,北京,丰台区,北京市,北京市
39.792792,116.206656,77,北京,房山区,北京市,北京市
39.792792,116.253656,6,北京,大兴区,北京市,北京市
39.792792,116.300656,202,北京,丰台区,北京市,北京市
39.792792,116.347656,913,北京,大兴区,北京市,北京市
39.792792,116.394656,205,北京,丰台区,北京市,北京市
39.792792,116.441656,798,北京,大兴区,北京市,北京市
39.792792,116.488656,1000,北京,大兴区,北京市,北京市
39.792792,116.535656,419,北京,大兴区,北京市,北京市
39.792792,116.582656,376,北京,通州区,北京市,北京市
39.792792,116.629656,5,北京,通州区,北京市,北京市
39.792792,116.676656,18,北京,通州区,北京市,北京市
39.792792,116.723656,9,北京,通州区,北京市,北京市
39.792792,116.770656,14,北京,通州区,北京市,北京市
39.792792,116.817656,5,北京,通州区,北京市,北京市
39.792792,116.864656,3,北京,通州区,北京市,北京市
39.792792,116.911656,4,北京,通州区,北京市,北京市
39.828828,115.924656,15,北京,房山区,北京市,北京市
39.828828,115.971656,7,北京,房山区,北京市,北京市
39.828828,116.065656,4,北京,房山区,北京市,北京市
39.828828,116.112656,17,北京,丰台区,北京市,北京市
39.828828,116.159656,56,北京,丰台区,北京市,北京市
39.828828,116.206656,168,北京,丰台区,北京市,北京市
39.828828,116.253656,71,北京,丰台区,北京市,北京市
39.828828,116.300656,1705,北京,丰台区,北京市,北京市
39.828828,116.347656,775,北京,丰台区,北京市,北京市
39.828828,116.394656,1093,北京,丰台区,北京市,北京市
39.828828,116.441656,732,北京,大兴区,北京市,北京市
39.828828,116.488656,532,北京,朝阳区,北京市,北京市
39.828828,116.535656,268,北京,朝阳区,北京市,北京市
39.828828,116.582656,144,北京,朝阳区,北京市,北京市
39.828828,116.629656,42,北京,通州区,北京市,北京市
39.828828,116.676656,30,北京,通州区,北京市,北京市
39.828828,116.723656,56,北京,通州区,北京市,北京市
39.828828,116.770656,24,北京,通州区,北京市,北京市
39.828828,116.817656,15,北京,通州区,北京市,北京市
39.828828,116.864656,24,北京,通州区,北京市,北京市
39.864864,115.548656,3,北京,门头沟区,北京市,北京市
39.864864,116.018656,6,北京,门头沟区,北京市,北京市
39.864864,116.065656,5,北京,门头沟区,北京市,北京市
39.864864,116.112656,11,北京,丰台区,北京市,北京市
39.864864,116.159656,27,北京,丰台区,北京市,北京市
39.864864,116.206656,92,北京,丰台区,北京市,北京市
39.864864,116.253656,379,北京,丰台区,北京市,北京市
39.864864,116.300656,1523,北京,丰台区,北京市,北京市
39.864864,116.347656,1165,北京,丰台区,北京市,北京市
39.864864,116.394656,1706,北京,东城区,北京市,北京市
39.864864,116.441656,2272,北京,丰台区,北京市,北京市
39.864864,116.488656,1144,北京,朝阳区,北京市,北京市
39.864864,116.535656,434,北京,朝阳区,北京市,北京市
39.864864,116.582656,148,北京,朝阳区,北京市,北京市
39.864864,116.629656,201,北京,通州区,北京市,北京市
39.864864,116.676656,848,北京,通州区,北京市,北京市
39.864864,116.723656,150,北京,通州区,北京市,北京市
39.864864,116.770656,16,北京,通州区,北京市,北京市
39.864864,116.817656,15,北京,通州区,北京市,北京市
39.9009,116.018656,26,北京,门头沟区,北京市,北京市
39.9009,116.112656,287,北京,门头沟区,北京市,北京市
39.9009,116.159656,199,北京,石景山区,北京市,北京市
39.9009,116.206656,1024,北京,石景山区,北京市,北京市
39.9009,116.253656,1070,北京,海淀区,北京市,北京市
39.9009,116.300656,1849,北京,海淀区,北京市,北京市
39.9009,116.347656,1936,北京,西城区,北京市,北京市
39.9009,116.394656,3547,北京,西城区,北京市,北京市
39.9009,116.441656,4780,北京,东城区,北京市,北京市
39.9009,116.488656,3984,北京,朝阳区,北京市,北京市
39.9009,116.535656,1365,北京,朝阳区,北京市,北京市
39.9009,116.582656,1115,北京,朝阳区,北京市,北京市
39.9009,116.629656,1591,北京,通州区,北京市,北京市
39.9009,116.676656,1253,北京,通州区,北京市,北京市
39.9009,116.723656,44,北京,通州区,北京市,北京市
39.936936,115.595656,4,北京,门头沟区,北京市,北京市
39.936936,115.642656,7,北京,门头沟区,北京市,北京市
39.936936,116.065656,39,北京,门头沟区,北京市,北京市
39.936936,116.112656,591,北京,门头沟区,北京市,北京市
39.936936,116.159656,375,北京,石景山区,北京市,北京市
39.936936,116.206656,693,北京,石景山区,北京市,北京市
39.936936,116.253656,704,北京,海淀区,北京市,北京市
39.936936,116.300656,1320,北京,海淀区,北京市,北京市
39.936936,116.347656,1953,北京,西城区,北京市,北京市
39.936936,116.394656,2692,北京,西城区,北京市,北京市
39.936936,116.441656,5139,北京,东城区,北京市,北京市
39.936936,116.488656,1586,北京,朝阳区,北京市,北京市
39.936936,116.535656,1351,北京,朝阳区,北京市,北京市
39.936936,116.582656,1070,北京,朝阳区,北京市,北京市
39.936936,116.629656,571,北京,朝阳区,北京市,北京市
39.936936,116.676656,403,北京,通州区,北京市,北京市
39.936936,116.723656,340,北京,通州区,北京市,北京市
39.936936,116.770656,9,北京,通州区,北京市,北京市
39.972972,115.642656,4,北京,门头沟区,北京市,北京市
39.972972,115.689656,19,北京,门头沟区,北京市,北京市
39.972972,115.736656,6,北京,门头沟区,北京市,北京市
39.972972,115.971656,8,北京,门头沟区,北京市,北京市
39.972972,116.018656,6,北京,门头沟区,北京市,北京市
39.972972,116.065656,27,北京,门头沟区,北京市,北京市
39.972972,116.112656,109,北京,门头沟区,北京市,北京市
39.972972,116.159656,9,北京,石景山区,北京市,北京市
39.972972,116.206656,66,北京,海淀区,北京市,北京市
39.972972,116.253656,155,北京,海淀区,北京市,北京市
39.972972,116.300656,3174,北京,海淀区,北京市,北京市
39.972972,116.347656,3223,北京,海淀区,北京市,北京市
39.972972,116.394656,2232,北京,朝阳区,北京市,北京市
39.972972,116.441656,2356,北京,朝阳区,北京市,北京市
39.972972,116.488656,2488,北京,朝阳区,北京市,北京市
39.972972,116.535656,259,北京,朝阳区,北京市,北京市
39.972972,116.582656,127,北京,朝阳区,北京市,北京市
39.972972,116.629656,93,北京,朝阳区,北京市,北京市
39.972972,116.676656,51,北京,通州区,北京市,北京市
39.972972,116.723656,88,北京,通州区,北京市,北京市
40.009008,115.501656,3,北京,门头沟区,北京市,北京市
40.009008,115.642656,15,北京,门头沟区,北京市,北京市
40.009008,115.783656,7,北京,门头沟区,北京市,北京市
40.009008,115.830656,13,北京,门头沟区,北京市,北京市
40.009008,115.971656,3,北京,门头沟区,北京市,北京市
40.009008,116.018656,4,北京,门头沟区,北京市,北京市
40.009008,116.065656,5,北京,门头沟区,北京市,北京市
40.009008,116.112656,31,北京,门头沟区,北京市,北京市
40.009008,116.206656,118,北京,海淀区,北京市,北京市
40.009008,116.253656,191,北京,海淀区,北京市,北京市
40.009008,116.300656,570,北京,海淀区,北京市,北京市
40.009008,116.347656,1650,北京,海淀区,北京市,北京市
40.009008,116.394656,1401,北京,朝阳区,北京市,北京市
40.009008,116.441656,864,北京,朝阳区,北京市,北京市
40.009008,116.488656,2120,北京,朝阳区,北京市,北京市
40.009008,116.535656,256,北京,朝阳区,北京市,北京市
40.009008,116.582656,184,北京,朝阳区,北京市,北京市
40.009008,116.629656,67,北京,通州区,北京市,北京市
40.009008,116.676656,16,北京,通州区,北京市,北京市
40.009008,116.770656,6,北京,通州区,北京市,北京市
40.045044,115.501656,5,北京,门头沟区,北京市,北京市
40.045044,115.877656,6,北京,门头沟区,北京市,北京市
40.045044,115.971656,6,北京,门头沟区,北京市,北京市
40.045044,116.065656,3,北京,门头沟区,北京市,北京市
40.045044,116.112656,8,北京,海淀区,北京市,北京市
40.045044,116.159656,61,北京,海淀区,北京市,北京市
40.045044,116.206656,118,北京,海淀区,北京市,北京市
40.045044,116.253656,235,北京,海淀区,北京市,北京市
40.045044,116.300656,1319,北京,海淀区,北京市,北京市
40.045044,116.347656,1629,北京,海淀区,北京市,北京市
40.045044,116.394656,1328,北京,昌平区,北京市,北京市
40.045044,116.441656,928,北京,朝阳区,北京市,北京市
40.045044,116.488656,228,北京,朝阳区,北京市,北京市
40.045044,116.535656,199,北京,朝阳区,北京市,北京市
40.045044,116.582656,408,北京,顺义区,北京市,北京市
40.045044,116.629656,243,北京,顺义区,北京市,北京市
40.045044,116.676656,67,北京,顺义区,北京市,北京市
40.045044,116.723656,20,北京,顺义区,北京市,北京市
40.045044,116.770656,3,北京,顺义区,北京市,北京市
40.045044,116.817656,12,北京,顺义区,北京市,北京市
40.045044,117.005656,16,北京,平谷区,北京市,北京市
40.08108,116.018656,4,北京,昌平区,北京市,北京市
40.08108,116.112656,35,北京,海淀区,北京市,北京市
40.08108,116.159656,47,北京,海淀区,北京市,北京市
40.08108,116.206656,77,北京,海淀区,北京市,北京市
40.08108,116.253656,131,北京,海淀区,北京市,北京市
40.08108,116.300656,1018,北京,昌平区,北京市,北京市
40.08108,116.347656,1539,北京,昌平区,北京市,北京市
40.08108,116.394656,926,北京,昌平区,北京市,北京市
40.08108,116.441656,518,北京,昌平区,北京市,北京市
40.08108,116.488656,62,北京,顺义区,北京市,北京市
40.08108,116.535656,401,北京,顺义区,北京市,北京市
40.08108,116.582656,241,北京,朝阳区,北京市,北京市
40.08108,116.629656,52,北京,顺义区,北京市,北京市
40.08108,116.676656,171,北京,顺义区,北京市,北京市
40.08108,116.723656,35,北京,顺义区,北京市,北京市
40.08108,116.770656,29,北京,顺义区,北京市,北京市
40.08108,116.817656,18,北京,顺义区,北京市,北京市
40.08108,116.864656,3,北京,顺义区,北京市,北京市
40.08108,116.911656,5,北京,顺义区,北京市,北京市
40.08108,117.005656,24,北京,平谷区,北京市,北京市
40.08108,117.052656,3,北京,平谷区,北京市,北京市
40.08108,117.099656,6,北京,平谷区,北京市,北京市
40.117116,116.112656,53,北京,昌平区,北京市,北京市
40.117116,116.159656,23,北京,海淀区,北京市,北京市
40.117116,116.206656,97,北京,海淀区,北京市,北京市
40.117116,116.253656,288,北京,昌平区,北京市,北京市
40.117116,116.300656,198,北京,昌平区,北京市,北京市
40.117116,116.347656,287,北京,昌平区,北京市,北京市
40.117116,116.394656,603,北京,昌平区,北京市,北京市
40.117116,116.441656,179,北京,昌平区,北京市,北京市
40.117116,116.488656,26,北京,昌平区,北京市,北京市
40.117116,116.535656,414,北京,顺义区,北京市,北京市
40.117116,116.582656,148,北京,顺义区,北京市,北京市
40.117116,116.629656,1066,北京,顺义区,北京市,北京市
40.117116,116.676656,563,北京,顺义区,北京市,北京市
40.117116,116.723656,144,北京,顺义区,北京市,北京市
40.117116,116.770656,27,北京,顺义区,北京市,北京市
40.117116,116.817656,15,北京,顺义区,北京市,北京市
40.117116,117.005656,10,北京,平谷区,北京市,北京市
40.117116,117.052656,3,北京,平谷区,北京市,北京市
40.117116,117.099656,85,北京,平谷区,北京市,北京市
40.117116,117.146656,9,北京,平谷区,北京市,北京市
40.117116,117.193656,10,北京,平谷区,北京市,北京市
40.153152,116.018656,5,北京,昌平区,北京市,北京市
40.153152,116.065656,3,北京,昌平区,北京市,北京市
40.153152,116.159656,79,北京,昌平区,北京市,北京市
40.153152,116.206656,21,北京,昌平区,北京市,北京市
40.153152,116.253656,268,北京,昌平区,北京市,北京市
40.153152,116.300656,604,北京,昌平区,北京市,北京市
40.153152,116.347656,8,北京,昌平区,北京市,北京市
40.153152,116.394656,46,北京,昌平区,北京市,北京市
40.153152,116.441656,36,北京,昌平区,北京市,北京市
40.153152,116.488656,98,北京,昌平区,北京市,北京市
40.153152,116.535656,34,北京,顺义区,北京市,北京市
40.153152,116.582656,49,北京,顺义区,北京市,北京市
40.153152,116.629656,277,北京,顺义区,北京市,北京市
40.153152,116.676656,110,北京,顺义区,北京市,北京市
40.153152,116.723656,59,北京,顺义区,北京市,北京市
40.153152,116.770656,26,北京,顺义区,北京市,北京市
40.153152,116.817656,213,北京,顺义区,北京市,北京市
40.153152,116.864656,7,北京,顺义区,北京市,北京市
40.153152,116.911656,8,北京,顺义区,北京市,北京市
40.153152,116.958656,24,北京,顺义区,北京市,北京市
40.153152,117.005656,23,北京,平谷区,北京市,北京市
40.153152,117.052656,19,北京,平谷区,北京市,北京市
40.153152,117.099656,702,北京,平谷区,北京市,北京市
40.153152,117.146656,175,北京,平谷区,北京市,北京市
40.153152,117.240656,7,北京,平谷区,北京市,北京市
40.189188,116.018656,3,北京,昌平区,北京市,北京市
40.189188,116.065656,10,北京,昌平区,北京市,北京市
40.189188,116.112656,7,北京,昌平区,北京市,北京市
40.189188,116.159656,107,北京,昌平区,北京市,北京市
40.189188,116.206656,91,北京,昌平区,北京市,北京市
40.189188,116.253656,124,北京,昌平区,北京市,北京市
40.189188,116.300656,31,北京,昌平区,北京市,北京市
40.189188,116.347656,11,北京,昌平区,北京市,北京市
40.189188,116.394656,163,北京,昌平区,北京市,北京市
40.189188,116.441656,32,北京,昌平区,北京市,北京市
40.189188,116.488656,20,北京,顺义区,北京市,北京市
40.189188,116.535656,4,北京,顺义区,北京市,北京市
40.189188,116.582656,3,北京,顺义区,北京市,北京市
40.189188,116.629656,183,北京,顺义区,北京市,北京市
40.189188,116.676656,65,北京,顺义区,北京市,北京市
40.189188,116.723656,76,北京,顺义区,北京市,北京市
40.189188,116.770656,7,北京,顺义区,北京市,北京市
40.189188,116.817656,9,北京,顺义区,北京市,北京市
40.189188,116.911656,6,北京,顺义区,北京市,北京市
40.189188,117.005656,28,北京,平谷区,北京市,北京市
40.189188,117.052656,6,北京,平谷区,北京市,北京市
40.189188,117.099656,4,北京,平谷区,北京市,北京市
40.189188,117.146656,5,北京,平谷区,北京市,北京市
40.189188,117.193656,6,北京,平谷区,北京市,北京市
40.189188,117.240656,21,北京,平谷区,北京市,北京市
40.189188,117.287656,26,北京,平谷区,北京市,北京市
40.189188,117.334656,17,北京,平谷区,北京市,北京市
40.225224,115.924656,5,北京,昌平区,北京市,北京市
40.225224,116.112656,134,北京,昌平区,北京市,北京市
40.225224,116.159656,89,北京,昌平区,北京市,北京市
40.225224,116.206656,627,北京,昌平区,北京市,北京市
40.225224,116.253656,1540,北京,昌平区,北京市,北京市
40.225224,116.300656,63,北京,昌平区,北京市,北京市
40.225224,116.347656,23,北京,昌平区,北京市,北京市
40.225224,116.394656,17,北京,昌平区,北京市,北京市
40.225224,116.441656,26,北京,昌平区,北京市,北京市
40.225224,116.488656,5,北京,顺义区,北京市,北京市
40.225224,116.535656,29,北京,顺义区,北京市,北京市
40.225224,116.582656,30,北京,顺义区,北京市,北京市
40.225224,116.629656,33,北京,顺义区,北京市,北京市
40.225224,116.676656,100,北京,顺义区,北京市,北京市
40.225224,116.770656,9,北京,顺义区,北京市,北京市
40.225224,116.817656,4,北京,顺义区,北京市,北京市
40.225224,116.864656,18,北京,顺义区,北京市,北京市
40.225224,117.005656,4,北京,平谷区,北京市,北京市
40.225224,117.099656,6,北京,平谷区,北京市,北京市
40.225224,117.146656,11,北京,平谷区,北京市,北京市
40.225224,117.193656,8,北京,平谷区,北京市,北京市
40.225224,117.240656,7,北京,平谷区,北京市,北京市
40.26126,116.065656,3,北京,昌平区,北京市,北京市
40.26126,116.112656,13,北京,昌平区,北京市,北京市
40.26126,116.159656,26,北京,昌平区,北京市,北京市
40.26126,116.206656,35,北京,昌平区,北京市,北京市
40.26126,116.253656,53,北京,昌平区,北京市,北京市
40.26126,116.300656,12,北京,昌平区,北京市,北京市
40.26126,116.347656,4,北京,昌平区,北京市,北京市
40.26126,116.488656,4,北京,昌平区,北京市,北京市
40.26126,116.535656,12,北京,顺义区,北京市,北京市
40.26126,116.582656,6,北京,顺义区,北京市,北京市
40.26126,116.629656,4,北京,顺义区,北京市,北京市
40.26126,116.770656,26,北京,顺义区,北京市,北京市
40.26126,116.817656,4,北京,顺义区,北京市,北京市
40.26126,117.005656,8,北京,平谷区,北京市,北京市
40.26126,117.052656,18,北京,平谷区,北京市,北京市
40.26126,117.099656,4,北京,平谷区,北京市,北京市
40.26126,117.240656,27,北京,平谷区,北京市,北京市
40.297296,116.065656,4,北京,昌平区,北京市,北京市
40.297296,116.206656,16,北京,昌平区,北京市,北京市
40.297296,116.253656,36,北京,昌平区,北京市,北京市
40.297296,116.347656,3,北京,昌平区,北京市,北京市
40.297296,116.582656,45,北京,怀柔区,北京市,北京市
40.297296,116.629656,398,北京,怀柔区,北京市,北京市
40.297296,116.676656,119,北京,怀柔区,北京市,北京市
40.297296,116.770656,4,北京,密云区,北京市,北京市
40.297296,117.099656,9,北京,平谷区,北京市,北京市
40.297296,117.240656,4,北京,平谷区,北京市,北京市
40.333332,115.971656,3,北京,延庆区,北京市,北京市
40.333332,116.018656,4,北京,延庆区,北京市,北京市
40.333332,116.065656,10,北京,昌平区,北京市,北京市
40.333332,116.206656,39,北京,昌平区,北京市,北京市
40.333332,116.488656,3,北京,怀柔区,北京市,北京市
40.333332,116.535656,8,北京,怀柔区,北京市,北京市
40.333332,116.582656,16,北京,怀柔区,北京市,北京市
40.333332,116.629656,623,北京,怀柔区,北京市,北京市
40.333332,116.676656,85,北京,怀柔区,北京市,北京市
40.333332,116.723656,25,北京,怀柔区,北京市,北京市
40.333332,116.770656,17,北京,密云区,北京市,北京市
40.333332,116.817656,22,北京,密云区,北京市,北京市
40.333332,116.864656,9,北京,密云区,北京市,北京市
40.333332,117.146656,5,北京,平谷区,北京市,北京市
40.333332,117.240656,14,北京,平谷区,北京市,北京市
40.369368,115.877656,79,北京,延庆区,北京市,北京市
40.369368,115.924656,76,北京,延庆区,北京市,北京市
40.369368,115.971656,53,北京,延庆区,北京市,北京市
40.369368,116.018656,26,北京,延庆区,北京市,北京市
40.369368,116.253656,10,北京,昌平区,北京市,北京市
40.369368,116.300656,4,北京,昌平区,北京市,北京市
40.369368,116.347656,17,北京,昌平区,北京市,北京市
40.369368,116.441656,4,北京,怀柔区,北京市,北京市
40.369368,116.488656,3,北京,怀柔区,北京市,北京市
40.369368,116.535656,17,北京,怀柔区,北京市,北京市
40.369368,116.582656,23,北京,怀柔区,北京市,北京市
40.369368,116.629656,51,北京,怀柔区,北京市,北京市
40.369368,116.676656,115,北京,怀柔区,北京市,北京市
40.369368,116.770656,3,北京,密云区,北京市,北京市
40.369368,116.817656,424,北京,密云区,北京市,北京市
40.369368,116.864656,678,北京,密云区,北京市,北京市
40.369368,116.911656,18,北京,密云区,北京市,北京市
40.369368,116.958656,5,北京,密云区,北京市,北京市
40.369368,117.005656,6,北京,密云区,北京市,北京市
40.369368,117.193656,3,北京,平谷区,北京市,北京市
40.405404,115.877656,4,北京,延庆区,北京市,北京市
40.405404,115.924656,15,北京,延庆区,北京市,北京市
40.405404,115.971656,5,北京,延庆区,北京市,北京市
40.405404,116.018656,6,北京,延庆区,北京市,北京市
40.405404,116.065656,3,北京,延庆区,北京市,北京市
40.405404,116.253656,7,北京,延庆区,北京市,北京市
40.405404,116.300656,35,北京,怀柔区,北京市,北京市
40.405404,116.347656,21,北京,怀柔区,北京市,北京市
40.405404,116.488656,5,北京,怀柔区,北京市,北京市
40.405404,116.535656,32,北京,怀柔区,北京市,北京市
40.405404,116.582656,15,北京,怀柔区,北京市,北京市
40.405404,116.629656,23,北京,怀柔区,北京市,北京市
40.405404,116.676656,74,北京,怀柔区,北京市,北京市
40.405404,116.770656,4,北京,密云区,北京市,北京市
40.405404,116.817656,18,北京,密云区,北京市,北京市
40.405404,116.864656,119,北京,密云区,北京市,北京市
40.405404,116.911656,4,北京,密云区,北京市,北京市
40.405404,116.958656,11,北京,密云区,北京市,北京市
40.405404,117.052656,3,北京,密云区,北京市,北京市
40.405404,117.099656,4,北京,密云区,北京市,北京市
40.44144,115.783656,10,北京,延庆区,北京市,北京市
40.44144,115.924656,46,北京,延庆区,北京市,北京市
40.44144,115.971656,241,北京,延庆区,北京市,北京市
40.44144,116.018656,10,北京,延庆区,北京市,北京市
40.44144,116.065656,3,北京,延庆区,北京市,北京市
40.44144,116.112656,60,北京,延庆区,北京市,北京市
40.44144,116.253656,3,北京,延庆区,北京市,北京市
40.44144,116.347656,3,北京,怀柔区,北京市,北京市
40.44144,116.441656,5,北京,怀柔区,北京市,北京市
40.44144,116.535656,13,北京,怀柔区,北京市,北京市
40.44144,116.582656,30,北京,怀柔区,北京市,北京市
40.44144,116.629656,22,北京,怀柔区,北京市,北京市
40.44144,116.676656,42,北京,怀柔区,北京市,北京市
40.44144,116.723656,30,北京,密云区,北京市,北京市
40.44144,116.817656,6,北京,密云区,北京市,北京市
40.44144,116.864656,6,北京,密云区,北京市,北京市
40.44144,116.911656,18,北京,密云区,北京市,北京市
40.44144,116.958656,6,北京,密云区,北京市,北京市
40.44144,117.005656,7,北京,密云区,北京市,北京市
40.477476,115.830656,9,北京,延庆区,北京市,北京市
40.477476,115.877656,8,北京,延庆区,北京市,北京市
40.477476,115.971656,451,北京,延庆区,北京市,北京市
40.477476,116.018656,55,北京,延庆区,北京市,北京市
40.477476,116.065656,16,北京,延庆区,北京市,北京市
40.477476,116.112656,3,北京,延庆区,北京市,北京市
40.477476,116.535656,4,北京,怀柔区,北京市,北京市
40.477476,116.676656,9,北京,怀柔区,北京市,北京市
40.477476,116.770656,5,北京,密云区,北京市,北京市
40.477476,116.817656,47,北京,密云区,北京市,北京市
40.477476,116.864656,51,北京,密云区,北京市,北京市
40.477476,116.911656,10,北京,密云区,北京市,北京市
40.477476,117.052656,6,北京,密云区,北京市,北京市
40.513512,115.877656,17,北京,延庆区,北京市,北京市
40.513512,115.924656,15,北京,延庆区,北京市,北京市
40.513512,115.971656,19,北京,延庆区,北京市,北京市
40.513512,116.018656,9,北京,延庆区,北京市,北京市
40.513512,116.065656,3,北京,延庆区,北京市,北京市
40.513512,116.112656,11,北京,延庆区,北京市,北京市
40.513512,116.159656,71,北京,延庆区,北京市,北京市
40.513512,116.394656,4,北京,延庆区,北京市,北京市
40.513512,116.676656,18,北京,怀柔区,北京市,北京市
40.513512,116.817656,18,北京,密云区,北京市,北京市
40.513512,117.005656,4,北京,密云区,北京市,北京市
40.513512,117.052656,3,北京,密云区,北京市,北京市
40.513512,117.099656,12,北京,密云区,北京市,北京市
40.549548,116.018656,31,北京,延庆区,北京市,北京市
40.549548,116.065656,4,北京,延庆区,北京市,北京市
40.549548,116.112656,16,北京,延庆区,北京市,北京市
40.549548,116.159656,3,北京,延庆区,北京市,北京市
40.549548,116.206656,4,北京,延庆区,北京市,北京市
40.549548,116.394656,3,北京,延庆区,北京市,北京市
40.549548,116.441656,7,北京,延庆区,北京市,北京市
40.549548,116.676656,8,北京,怀柔区,北京市,北京市
40.549548,116.817656,14,北京,密云区,北京市,北京市
40.549548,116.911656,3,北京,密云区,北京市,北京市
40.549548,116.958656,3,北京,密云区,北京市,北京市
40.549548,117.099656,10,北京,密云区,北京市,北京市
40.549548,117.146656,27,北京,密云区,北京市,北京市
40.585584,116.112656,3,北京,延庆区,北京市,北京市
40.585584,116.676656,3,北京,怀柔区,北京市,北京市
40.585584,116.770656,5,北京,密云区,北京市,北京市
40.585584,116.817656,4,北京,密云区,北京市,北京市
40.585584,116.958656,6,北京,密云区,北京市,北京市
40.585584,117.005656,3,北京,密云区,北京市,北京市
40.585584,117.099656,5,北京,密云区,北京市,北京市
40.585584,117.193656,3,北京,密云区,北京市,北京市
40.62162,116.629656,6,北京,怀柔区,北京市,北京市
40.62162,116.676656,6,北京,怀柔区,北京市,北京市
40.62162,116.770656,16,北京,密云区,北京市,北京市
40.62162,116.817656,5,北京,密云区,北京市,北京市
40.62162,117.240656,16,北京,密云区,北京市,北京市
40.62162,117.287656,7,北京,密云区,北京市,北京市
40.62162,117.334656,6,北京,密云区,北京市,北京市
40.62162,117.381656,18,北京,密云区,北京市,北京市
40.657656,116.222656,3,北京,延庆区,北京市,北京市
40.657656,116.270656,4,北京,延庆区,北京市,北京市
40.657656,116.654656,10,北京,怀柔区,北京市,北京市
40.657656,116.702656,8,北京,怀柔区,北京市,北京市
40.657656,117.230656,84,北京,密云区,北京市,北京市
40.657656,117.278656,111,北京,密云区,北京市,北京市
40.657656,117.374656,4,北京,密云区,北京市,北京市
40.657656,117.422656,9,北京,密云区,北京市,北京市
40.657656,117.470656,3,北京,密云区,北京市,北京市
40.693692,116.318656,3,北京,延庆区,北京市,北京市
40.693692,116.366656,11,北京,延庆区,北京市,北京市
40.693692,116.414656,8,北京,延庆区,北京市,北京市
40.693692,116.462656,11,北京,延庆区,北京市,北京市
40.693692,116.558656,5,北京,怀柔区,北京市,北京市
40.693692,117.134656,9,北京,密云区,北京市,北京市
40.693692,117.182656,12,北京,密云区,北京市,北京市
40.729728,116.654656,10,北京,怀柔区,北京市,北京市
40.909908,116.606656,25,北京,怀柔区,北京市,北京市
40.945944,116.510656,20,北京,怀柔区,北京市,北京市
40.945944,116.558656,3,北京,怀柔区,北京市,北京市
22.591606,113.657811,15,广州,南沙区,广州市,广东省
22.627642,113.618811,64,广州,南沙区,广州市,广东省
22.627642,113.657811,4,广州,南沙区,广州市,广东省
22.663678,113.579811,5,广州,南沙区,广州市,广东省
22.663678,113.618811,14,广州,南沙区,广州市,广东省
22.663678,113.657811,3,广州,南沙区,广州市,广东省
22.699714,113.501811,4,广州,南沙区,广州市,广东省
22.699714,113.540811,136,广州,南沙区,广州市,广东省
22.699714,113.657811,8,广州,南沙区,广州市,广东省
22.73575,113.501811,31,广州,南沙区,广州市,广东省
22.73575,113.540811,10,广州,南沙区,广州市,广东省
22.73575,113.579811,195,广州,南沙区,广州市,广东省
22.73575,113.618811,23,广州,南沙区,广州市,广东省
22.771786,113.384811,46,广州,南沙区,广州市,广东省
22.771786,113.501811,18,广州,南沙区,广州市,广东省
22.771786,113.540811,166,广州,南沙区,广州市,广东省
22.771786,113.579811,66,广州,南沙区,广州市,广东省
22.771786,113.618811,36,广州,南沙区,广州市,广东省
22.807822,113.423811,203,广州,南沙区,广州市,广东省
22.807822,113.501811,157,广州,南沙区,广州市,广东省
22.807822,113.540811,1042,广州,南沙区,广州市,广东省
22.807822,113.579811,67,广州,南沙区,广州市,广东省
22.843858,113.345811,163,广州,南沙区,广州市,广东省
22.843858,113.384811,3,广州,南沙区,广州市,广东省
22.843858,113.423811,10,广州,南沙区,广州市,广东省
22.843858,113.462811,50,广州,南沙区,广州市,广东省
22.843858,113.501811,63,广州,南沙区,广州市,广东省
22.843858,113.540811,8,广州,南沙区,广州市,广东省
22.879894,113.306811,34,广州,番禺区,广州市,广东省
22.879894,113.345811,34,广州,南沙区,广州市,广东省
22.879894,113.384811,116,广州,南沙区,广州市,广东省
22.879894,113.423811,68,广州,南沙区,广州市,广东省
22.879894,113.462811,207,广州,南沙区,广州市,广东省
22.879894,113.501811,4,广州,南沙区,广州市,广东省
22.879894,113.540811,7,广州,番禺区,广州市,广东省
22.91593,113.306811,58,广州,番禺区,广州市,广东省
22.91593,113.345811,937,广州,番禺区,广州市,广东省
22.91593,113.384811,782,广州,番禺区,广州市,广东省
22.91593,113.423811,55,广州,番禺区,广州市,广东省
22.91593,113.462811,17,广州,番禺区,广州市,广东省
22.91593,113.501811,20,广州,番禺区,广州市,广东省
22.91593,113.540811,13,广州,番禺区,广州市,广东省
22.951966,113.306811,389,广州,番禺区,广州市,广东省
22.951966,113.345811,1913,广州,番禺区,广州市,广东省
22.951966,113.384811,1732,广州,番禺区,广州市,广东省
22.951966,113.423811,641,广州,番禺区,广州市,广东省
22.951966,113.462811,260,广州,番禺区,广州市,广东省
22.951966,113.501811,253,广州,番禺区,广州市,广东省
22.988002,113.267811,263,广州,番禺区,广州市,广东省
22.988002,113.306811,840,广州,番禺区,广州市,广东省
22.988002,113.345811,932,广州,番禺区,广州市,广东省
22.988002,113.384811,425,广州,番禺区,广州市,广东省
22.988002,113.423811,31,广州,番禺区,广州市,广东省
22.988002,113.462811,39,广州,番禺区,广州市,广东省
22.988002,113.501811,188,广州,番禺区,广州市,广东省
23.024038,113.267811,122,广州,番禺区,广州市,广东省
23.024038,113.306811,2395,广州,番禺区,广州市,广东省
23.024038,113.345811,1286,广州,番禺区,广州市,广东省
23.024038,113.384811,976,广州,番禺区,广州市,广东省
23.024038,113.423811,125,广州,番禺区,广州市,广东省
23.024038,113.462811,54,广州,番禺区,广州市,广东省
23.024038,113.501811,9,广州,番禺区,广州市,广东省
23.060074,113.189811,85,广州,荔湾区,广州市,广东省
23.060074,113.228811,593,广州,荔湾区,广州市,广东省
23.060074,113.267811,1088,广州,荔湾区,广州市,广东省
23.060074,113.306811,1807,广州,海珠区,广州市,广东省
23.060074,113.345811,169,广州,海珠区,广州市,广东省
23.060074,113.384811,1105,广州,番禺区,广州市,广东省
23.060074,113.423811,312,广州,番禺区,广州市,广东省
23.060074,113.462811,41,广州,番禺区,广州市,广东省
23.060074,113.501811,28,广州,黄埔区,广州市,广东省
23.060074,113.540811,124,广州,黄埔区,广州市,广东省
23.09611,113.228811,2236,广州,荔湾区,广州市,广东省
23.09611,113.267811,5227,广州,海珠区,广州市,广东省
23.09611,113.306811,2947,广州,海珠区,广州市,广东省
23.09611,113.345811,1557,广州,海珠区,广州市,广东省
23.09611,113.384811,1180,广州,海珠区,广州市,广东省
23.09611,113.423811,646,广州,黄埔区,广州市,广东省
23.09611,113.462811,1597,广州,黄埔区,广州市,广东省
23.09611,113.501811,197,广州,黄埔区,广州市,广东省
23.09611,113.540811,978,广州,黄埔区,广州市,广东省
23.09611,113.579811,142,广州,增城区,广州市,广东省
23.132146,113.228811,3350,广州,荔湾区,广州市,广东省
23.132146,113.267811,6405,广州,越秀区,广州市,广东省
23.132146,113.306811,6077,广州,越秀区,广州市,广东省
23.132146,113.345811,5693,广州,天河区,广州市,广东省
23.132146,113.384811,4203,广州,天河区,广州市,广东省
23.132146,113.423811,1617,广州,天河区,广州市,广东省
23.132146,113.462811,148,广州,黄埔区,广州市,广东省
23.132146,113.501811,88,广州,黄埔区,广州市,广东省
23.132146,113.540811,216,广州,黄埔区,广州市,广东省
23.132146,113.579811,368,广州,增城区,广州市,广东省
23.132146,113.618811,1352,广州,增城区,广州市,广东省
23.132146,113.657811,165,广州,增城区,广州市,广东省
23.132146,113.813811,5,广州,增城区,广州市,广东省
23.168182,113.228811,1543,广州,白云区,广州市,广东省
23.168182,113.267811,3224,广州,白云区,广州市,广东省
23.168182,113.306811,1397,广州,白云区,广州市,广东省
23.168182,113.345811,2500,广州,天河区,广州市,广东省
23.168182,113.384811,598,广州,天河区,广州市,广东省
23.168182,113.423811,668,广州,黄埔区,广州市,广东省
23.168182,113.462811,676,广州,黄埔区,广州市,广东省
23.168182,113.501811,684,广州,黄埔区,广州市,广东省
23.168182,113.540811,130,广州,黄埔区,广州市,广东省
23.168182,113.579811,201,广州,黄埔区,广州市,广东省
23.168182,113.618811,92,广州,增城区,广州市,广东省
23.168182,113.657811,194,广州,增城区,广州市,广东省
23.168182,113.696811,11,广州,增城区,广州市,广东省
23.168182,113.735811,66,广州,增城区,广州市,广东省
23.168182,113.774811,37,广州,增城区,广州市,广东省
23.168182,113.813811,23,广州,增城区,广州市,广东省
23.168182,113.852811,7,广州,增城区,广州市,广东省
23.204218,113.228811,917,广州,白云区,广州市,广东省
23.204218,113.267811,3387,广州,白云区,广州市,广东省
23.204218,113.306811,1678,广州,白云区,广州市,广东省
23.204218,113.345811,1186,广州,白云区,广州市,广东省
23.204218,113.384811,1624,广州,天河区,广州市,广东省
23.204218,113.423811,136,广州,黄埔区,广州市,广东省
23.204218,113.462811,112,广州,黄埔区,广州市,广东省
23.204218,113.501811,52,广州,黄埔区,广州市,广东省
23.204218,113.540811,89,广州,黄埔区,广州市,广东省
23.204218,113.579811,144,广州,黄埔区,广州市,广东省
23.204218,113.618811,44,广州,增城区,广州市,广东省
23.204218,113.657811,22,广州,增城区,广州市,广东省
23.204218,113.696811,8,广州,增城区,广州市,广东省
23.204218,113.735811,3,广州,增城区,广州市,广东省
23.204218,113.774811,4,广州,增城区,广州市,广东省
23.204218,113.813811,27,广州,增城区,广州市,广东省
23.204218,113.852811,18,广州,增城区,广州市,广东省
23.240254,113.189811,41,广州,白云区,广州市,广东省
23.240254,113.228811,136,广州,白云区,广州市,广东省
23.240254,113.267811,1398,广州,白云区,广州市,广东省
23.240254,113.306811,1085,广州,白云区,广州市,广东省
23.240254,113.345811,258,广州,白云区,广州市,广东省
23.240254,113.384811,7,广州,白云区,广州市,广东省
23.240254,113.423811,8,广州,黄埔区,广州市,广东省
23.240254,113.462811,8,广州,黄埔区,广州市,广东省
23.240254,113.501811,17,广州,黄埔区,广州市,广东省
23.240254,113.540811,11,广州,黄埔区,广州市,广东省
23.240254,113.579811,7,广州,黄埔区,广州市,广东省
23.240254,113.696811,4,广州,增城区,广州市,广东省
23.240254,113.774811,40,广州,增城区,广州市,广东省
23.240254,113.813811,6,广州,增城区,广州市,广东省
23.240254,113.852811,65,广州,增城区,广州市,广东省
23.27629,113.189811,92,广州,白云区,广州市,广东省
23.27629,113.228811,619,广州,白云区,广州市,广东省
23.27629,113.267811,115,广州,白云区,广州市,广东省
23.27629,113.306811,863,广州,白云区,广州市,广东省
23.27629,113.345811,378,广州,白云区,广州市,广东省
23.27629,113.384811,12,广州,白云区,广州市,广东省
23.27629,113.423811,10,广州,白云区,广州市,广东省
23.27629,113.462811,48,广州,白云区,广州市,广东省
23.27629,113.540811,5,广州,黄埔区,广州市,广东省
23.27629,113.579811,31,广州,黄埔区,广州市,广东省
23.27629,113.618811,139,广州,增城区,广州市,广东省
23.27629,113.657811,5,广州,增城区,广州市,广东省
23.27629,113.696811,64,广州,增城区,广州市,广东省
23.27629,113.735811,49,广州,增城区,广州市,广东省
23.27629,113.774811,19,广州,增城区,广州市,广东省
23.27629,113.813811,1142,广州,增城区,广州市,广东省
23.27629,113.852811,266,广州,增城区,广州市,广东省
23.312326,113.111811,5,广州,花都区,广州市,广东省
23.312326,113.189811,10,广州,白云区,广州市,广东省
23.312326,113.228811,63,广州,白云区,广州市,广东省
23.312326,113.267811,60,广州,白云区,广州市,广东省
23.312326,113.306811,100,广州,白云区,广州市,广东省
23.312326,113.345811,329,广州,白云区,广州市,广东省
23.312326,113.384811,21,广州,白云区,广州市,广东省
23.312326,113.423811,29,广州,白云区,广州市,广东省
23.312326,113.462811,15,广州,白云区,广州市,广东省
23.312326,113.501811,8,广州,白云区,广州市,广东省
23.312326,113.540811,22,广州,黄埔区,广州市,广东省
23.312326,113.579811,64,广州,黄埔区,广州市,广东省
23.312326,113.618811,18,广州,增城区,广州市,广东省
23.312326,113.696811,3,广州,增城区,广州市,广东省
23.312326,113.813811,266,广州,增城区,广州市,广东省
23.312326,113.852811,67,广州,增城区,广州市,广东省
23.348362,113.111811,64,广州,花都区,广州市,广东省
23.348362,113.150811,66,广州,花都区,广州市,广东省
23.348362,113.189811,77,广州,白云区,广州市,广东省
23.348362,113.228811,122,广州,花都区,广州市,广东省
23.348362,113.267811,121,广州,白云区,广州市,广东省
23.348362,113.306811,664,广州,白云区,广州市,广东省
23.348362,113.345811,83,广州,白云区,广州市,广东省
23.348362,113.384811,237,广州,白云区,广州市,广东省
23.348362,113.423811,9,广州,白云区,广州市,广东省
23.348362,113.462811,5,广州,白云区,广州市,广东省
23.348362,113.501811,16,广州,黄埔区,广州市,广东省
23.348362,113.540811,35,广州,黄埔区,广州市,广东省
23.348362,113.618811,20,广州,增城区,广州市,广东省
23.348362,113.696811,3,广州,增城区,广州市,广东省
23.348362,113.852811,17,广州,增城区,广州市,广东省
23.384398,113.072811,31,广州,花都区,广州市,广东省
23.384398,113.111811,8,广州,花都区,广州市,广东省
23.384398,113.150811,69,广州,花都区,广州市,广东省
23.384398,113.189811,846,广州,花都区,广州市,广东省
23.384398,113.228811,1866,广州,花都区,广州市,广东省
23.384398,113.267811,146,广州,花都区,广州市,广东省
23.384398,113.306811,240,广州,白云区,广州市,广东省
23.384398,113.345811,48,广州,白云区,广州市,广东省
23.384398,113.384811,124,广州,白云区,广州市,广东省
23.384398,113.423811,206,广州,白云区,广州市,广东省
23.384398,113.462811,98,广州,白云区,广州市,广东省
23.384398,113.501811,5,广州,黄埔区,广州市,广东省
23.384398,113.618811,3,广州,增城区,广州市,广东省
23.384398,113.735811,4,广州,增城区,广州市,广东省
23.384398,113.813811,5,广州,增城区,广州市,广东省
23.384398,113.852811,11,广州,增城区,广州市,广东省
23.420434,113.033811,3,广州,花都区,广州市,广东省
23.420434,113.072811,39,广州,花都区,广州市,广东省
23.420434,113.111811,80,广州,花都区,广州市,广东省
23.420434,113.150811,24,广州,花都区,广州市,广东省
23.420434,113.189811,399,广州,花都区,广州市,广东省
23.420434,113.228811,477,广州,花都区,广州市,广东省
23.420434,113.267811,62,广州,花都区,广州市,广东省
23.420434,113.306811,154,广州,花都区,广州市,广东省
23.420434,113.345811,50,广州,花都区,广州市,广东省
23.420434,113.384811,5,广州,花都区,广州市,广东省
23.420434,113.423811,39,广州,花都区,广州市,广东省
23.420434,113.462811,93,广州,白云区,广州市,广东省
23.420434,113.501811,126,广州,从化区,广州市,广东省
23.420434,113.540811,3,广州,从化区,广州市,广东省
23.420434,113.774811,13,广州,增城区,广州市,广东省
23.420434,113.813811,6,广州,增城区,广州市,广东省
23.420434,113.891811,20,广州,增城区,广州市,广东省
23.45647,112.994811,3,广州,花都区,广州市,广东省
23.45647,113.033811,10,广州,花都区,广州市,广东省
23.45647,113.072811,10,广州,花都区,广州市,广东省
23.45647,113.111811,15,广州,花都区,广州市,广东省
23.45647,113.150811,430,广州,花都区,广州市,广东省
23.45647,113.189811,457,广州,花都区,广州市,广东省
23.45647,113.228811,78,广州,花都区,广州市,广东省
23.45647,113.267811,144,广州,花都区,广州市,广东省
23.45647,113.306811,8,广州,花都区,广州市,广东省
23.45647,113.345811,79,广州,花都区,广州市,广东省
23.45647,113.384811,6,广州,花都区,广州市,广东省
23.45647,113.423811,21,广州,花都区,广州市,广东省
23.45647,113.462811,4,广州,从化区,广州市,广东省
23.45647,113.501811,168,广州,从化区,广州市,广东省
23.45647,113.540811,3,广州,从化区,广州市,广东省
23.45647,113.774811,3,广州,增城区,广州市,广东省
23.45647,113.891811,3,广州,增城区,广州市,广东省
23.492506,113.150811,6,广州,花都区,广州市,广东省
23.492506,113.189811,30,广州,花都区,广州市,广东省
23.492506,113.228811,14,广州,花都区,广州市,广东省
23.492506,113.267811,4,广州,花都区,广州市,广东省
23.492506,113.306811,10,广州,花都区,广州市,广东省
23.492506,113.345811,7,广州,花都区,广州市,广东省
23.492506,113.501811,5,广州,从化区,广州市,广东省
23.492506,113.540811,29,广州,从化区,广州市,广东省
23.492506,113.579811,5,广州,从化区,广州市,广东省
23.492506,113.618811,4,广州,从化区,广州市,广东省
23.492506,113.657811,4,广州,从化区,广州市,广东省
23.492506,113.774811,41,广州,增城区,广州市,广东省
23.528542,113.228811,6,广州,花都区,广州市,广东省
23.528542,113.306811,4,广州,花都区,广州市,广东省
23.528542,113.423811,4,广州,花都区,广州市,广东省
23.528542,113.501811,3,广州,从化区,广州市,广东省
23.528542,113.540811,5,广州,从化区,广州市,广东省
23.528542,113.579811,834,广州,从化区,广州市,广东省
23.528542,113.618811,261,广州,从化区,广州市,广东省
23.528542,113.657811,7,广州,从化区,广州市,广东省
23.528542,113.774811,6,广州,增城区,广州市,广东省
23.528542,113.813811,4,广州,增城区,广州市,广东省
23.564578,113.228811,4,广州,花都区,广州市,广东省
23.564578,113.267811,12,广州,花都区,广州市,广东省
23.564578,113.306811,25,广州,花都区,广州市,广东省
23.564578,113.501811,56,广州,从化区,广州市,广东省
23.564578,113.540811,15,广州,从化区,广州市,广东省
23.564578,113.579811,446,广州,从化区,广州市,广东省
23.564578,113.618811,88,广州,从化区,广州市,广东省
23.564578,113.657811,6,广州,从化区,广州市,广东省
23.564578,113.696811,12,广州,从化区,广州市,广东省
23.564578,113.735811,29,广州,增城区,广州市,广东省
23.564578,113.774811,77,广州,增城区,广州市,广东省
23.600614,113.267811,3,广州,花都区,广州市,广东省
23.600614,113.423811,8,广州,从化区,广州市,广东省
23.600614,113.462811,33,广州,从化区,广州市,广东省
23.600614,113.501811,8,广州,从化区,广州市,广东省
23.600614,113.540811,6,广州,从化区,广州市,广东省
23.600614,113.579811,6,广州,从化区,广州市,广东省
23.600614,113.618811,24,广州,从化区,广州市,广东省
23.600614,113.657811,39,广州,从化区,广州市,广东省
23.600614,113.696811,6,广州,从化区,广州市,广东省
23.63665,113.423811,47,广州,从化区,广州市,广东省
23.63665,113.579811,7,广州,从化区,广州市,广东省
23.63665,113.618811,18,广州,从化区,广州市,广东省
23.63665,113.657811,181,广州,从化区,广州市,广东省
23.63665,113.696811,75,广州,从化区,广州市,广东省
23.63665,113.735811,17,广州,从化区,广州市,广东省
23.63665,113.774811,18,广州,从化区,广州市,广东省
23.672686,113.423811,10,广州,从化区,广州市,广东省
23.672686,113.657811,5,广州,从化区,广州市,广东省
23.672686,113.696811,22,广州,从化区,广州市,广东省
23.672686,113.735811,6,广州,从化区,广州市,广东省
23.708722,113.423811,5,广州,从化区,广州市,广东省
23.708722,113.657811,8,广州,从化区,广州市,广东省
23.708722,113.696811,13,广州,从化区,广州市,广东省
23.708722,113.735811,73,广州,从化区,广州市,广东省
23.708722,113.852811,34,广州,从化区,广州市,广东省
23.744758,113.735811,3,广州,从化区,广州市,广东省
23.744758,113.774811,12,广州,从化区,广州市,广东省
23.744758,113.813811,16,广州,从化区,广州市,广东省
23.744758,113.852811,5,广州,从化区,广州市,广东省
23.780794,113.891811,5,广州,从化区,广州市,广东省
23.780794,113.930811,5,广州,从化区,广州市,广东省
23.81683,113.930811,12,广州,从化区,广州市,广东省
23.81683,113.969811,29,广州,从化区,广州市,广东省
23.81683,114.008811,3,广州,从化区,广州市,广东省
23.888902,114.008811,12,广州,从化区,广州市,广东省
22.470326,113.897448,229,深圳,南山区,深圳市,广东省
22.470326,113.936448,603,深圳,南山区,深圳市,广东省
22.470326,114.521448,49,深圳,龙岗区,深圳市,广东省
22.470326,114.560448,11,深圳,龙岗区,深圳市,广东省
22.506362,113.897448,578,深圳,南山区,深圳市,广东省
22.506362,113.936448,3810,深圳,南山区,深圳市,广东省
22.506362,114.053448,2312,深圳,福田区,深圳市,广东省
22.506362,114.482448,7,深圳,龙岗区,深圳市,广东省
22.506362,114.560448,5,深圳,龙岗区,深圳市,广东省
22.506362,114.599448,5,深圳,龙岗区,深圳市,广东省
22.542398,113.858448,68,深圳,宝安区,深圳市,广东省
22.542398,113.897448,2102,深圳,南山区,深圳市,广东省
22.542398,113.936448,4309,深圳,南山区,深圳市,广东省
22.542398,113.975448,2203,深圳,南山区,深圳市,广东省
22.542398,114.014448,2438,深圳,福田区,深圳市,广东省
22.542398,114.053448,3822,深圳,福田区,深圳市,广东省
22.542398,114.092448,5450,深圳,福田区,深圳市,广东省
22.542398,114.131448,4722,深圳,罗湖区,深圳市,广东省
22.542398,114.482448,96,深圳,龙岗区,深圳市,广东省
22.542398,114.521448,50,深圳,龙岗区,深圳市,广东省
22.542398,114.560448,46,深圳,龙岗区,深圳市,广东省
22.578434,113.858448,3164,深圳,宝安区,深圳市,广东省
22.578434,113.897448,3843,深圳,宝安区,深圳市,广东省
22.578434,113.936448,1612,深圳,南山区,深圳市,广东省
22.578434,113.975448,1187,深圳,南山区,深圳市,广东省
22.578434,114.014448,95,深圳,福田区,深圳市,广东省
22.578434,114.053448,1673,深圳,福田区,深圳市,广东省
22.578434,114.092448,804,深圳,罗湖区,深圳市,广东省
22.578434,114.131448,2437,深圳,罗湖区,深圳市,广东省
22.578434,114.170448,520,深圳,罗湖区,深圳市,广东省
22.578434,114.209448,70,深圳,罗湖区,深圳市,广东省
22.578434,114.248448,184,深圳,盐田区,深圳市,广东省
22.578434,114.287448,174,深圳,盐田区,深圳市,广东省
22.578434,114.443448,6,深圳,龙岗区,深圳市,广东省
22.578434,114.482448,308,深圳,龙岗区,深圳市,广东省
22.578434,114.521448,284,深圳,龙岗区,深圳市,广东省
22.61447,113.819448,387,深圳,宝安区,深圳市,广东省
22.61447,113.858448,1425,深圳,宝安区,深圳市,广东省
22.61447,113.897448,85,深圳,宝安区,深圳市,广东省
22.61447,113.936448,52,深圳,南山区,深圳市,广东省
22.61447,113.975448,68,深圳,南山区,深圳市,广东省
22.61447,114.014448,922,深圳,龙华区,深圳市,广东省
22.61447,114.053448,4859,深圳,龙华区,深圳市,广东省
22.61447,114.092448,1275,深圳,龙岗区,深圳市,广东省
22.61447,114.131448,3653,深圳,龙岗区,深圳市,广东省
22.61447,114.170448,708,深圳,龙岗区,深圳市,广东省
22.61447,114.209448,68,深圳,龙岗区,深圳市,广东省
22.61447,114.248448,4,深圳,盐田区,深圳市,广东省
22.61447,114.287448,66,深圳,盐田区,深圳市,广东省
22.61447,114.326448,150,深圳,盐田区,深圳市,广东省
22.61447,114.365448,42,深圳,龙岗区,深圳市,广东省
22.61447,114.404448,77,深圳,龙岗区,深圳市,广东省
22.61447,114.443448,73,深圳,龙岗区,深圳市,广东省
22.61447,114.482448,17,深圳,龙岗区,深圳市,广东省
22.61447,114.521448,3,深圳,龙岗区,深圳市,广东省
22.650506,113.819448,732,深圳,宝安区,深圳市,广东省
22.650506,113.858448,164,深圳,宝安区,深圳市,广东省
22.650506,113.897448,171,深圳,宝安区,深圳市,广东省
22.650506,113.936448,339,深圳,宝安区,深圳市,广东省
22.650506,113.975448,49,深圳,龙华区,深圳市,广东省
22.650506,114.014448,3510,深圳,龙华区,深圳市,广东省
22.650506,114.053448,3746,深圳,龙华区,深圳市,广东省
22.650506,114.092448,412,深圳,龙岗区,深圳市,广东省
22.650506,114.131448,384,深圳,龙岗区,深圳市,广东省
22.650506,114.170448,464,深圳,龙岗区,深圳市,广东省
22.650506,114.209448,1503,深圳,龙岗区,深圳市,广东省
22.650506,114.248448,58,深圳,龙岗区,深圳市,广东省
22.650506,114.287448,57,深圳,坪山区,深圳市,广东省
22.650506,114.326448,12,深圳,坪山区,深圳市,广东省
22.650506,114.404448,59,深圳,坪山区,深圳市,广东省
22.650506,114.443448,88,深圳,龙岗区,深圳市,广东省
22.686542,113.780448,393,深圳,宝安区,深圳市,广东省
22.686542,113.819448,1900,深圳,宝安区,深圳市,广东省
22.686542,113.858448,108,深圳,宝安区,深圳市,广东省
22.686542,113.897448,45,深圳,宝安区,深圳市,广东省
22.686542,113.936448,1202,深圳,宝安区,深圳市,广东省
22.686542,113.975448,781,深圳,龙华区,深圳市,广东省
22.686542,114.014448,1071,深圳,龙华区,深圳市,广东省
22.686542,114.053448,842,深圳,龙华区,深圳市,广东省
22.686542,114.092448,272,深圳,龙华区,深圳市,广东省
22.686542,114.131448,1278,深圳,龙岗区,深圳市,广东省
22.686542,114.209448,547,深圳,龙岗区,深圳市,广东省
22.686542,114.248448,673,深圳,龙岗区,深圳市,广东省
22.686542,114.287448,166,深圳,龙岗区,深圳市,广东省
22.686542,114.326448,684,深圳,坪山区,深圳市,广东省
22.686542,114.365448,517,深圳,坪山区,深圳市,广东省
22.686542,114.404448,38,深圳,坪山区,深圳市,广东省
22.722578,113.780448,349,深圳,宝安区,深圳市,广东省
22.722578,113.819448,2034,深圳,宝安区,深圳市,广东省
22.722578,113.858448,590,深圳,宝安区,深圳市,广东省
22.722578,113.897448,573,深圳,光明区,深圳市,广东省
22.722578,113.936448,238,深圳,光明区,深圳市,广东省
22.722578,113.975448,50,深圳,光明区,深圳市,广东省
22.722578,114.014448,317,深圳,龙华区,深圳市,广东省
22.722578,114.053448,799,深圳,龙华区,深圳市,广东省
22.722578,114.092448,283,深圳,龙华区,深圳市,广东省
22.722578,114.209448,354,深圳,龙岗区,深圳市,广东省
22.722578,114.248448,2945,深圳,龙岗区,深圳市,广东省
22.722578,114.287448,1173,深圳,龙岗区,深圳市,广东省
22.722578,114.326448,202,深圳,龙岗区,深圳市,广东省
22.722578,114.365448,87,深圳,坪山区,深圳市,广东省
22.758614,113.819448,879,深圳,宝安区,深圳市,广东省
22.758614,113.858448,935,深圳,宝安区,深圳市,广东省
22.758614,113.897448,368,深圳,光明区,深圳市,广东省
22.758614,113.936448,312,深圳,光明区,深圳市,广东省
22.758614,113.975448,10,深圳,光明区,深圳市,广东省
22.758614,114.014448,190,深圳,龙华区,深圳市,广东省
22.758614,114.209448,21,深圳,龙岗区,深圳市,广东省
22.758614,114.248448,176,深圳,龙岗区,深圳市,广东省
22.758614,114.287448,355,深圳,龙岗区,深圳市,广东省
22.758614,114.326448,189,深圳,龙岗区,深圳市,广东省
22.758614,114.365448,296,深圳,坪山区,深圳市,广东省
22.758614,114.404448,44,深圳,坪山区,深圳市,广东省
22.79465,113.858448,405,深圳,宝安区,深圳市,广东省
22.79465,113.897448,1244,深圳,光明区,深圳市,广东省
22.79465,113.936448,206,深圳,光明区,深圳市,广东省
22.79465,113.975448,4,深圳,光明区,深圳市,广东省
22.79465,114.287448,39,深圳,龙岗区,深圳市,广东省
22.79465,114.326448,24,深圳,龙岗区,深圳市,广东省
22.830686,113.858448,18,深圳,宝安区,深圳市,广东省
22.830686,113.897448,17,深圳,宝安区,深圳市,广东省
29.615318,119.036072,4,杭州,淳安县,杭州市,浙江省
29.795498,119.671072,3,杭州,桐庐县,杭州市,浙江省
29.795498,119.965072,9,杭州,富阳区,杭州市,浙江省
29.86757,119.881072,3,杭州,富阳区,杭州市,浙江省
29.903606,119.839072,10,杭州,富阳区,杭州市,浙江省
29.903606,119.881072,43,杭州,富阳区,杭州市,浙江省
29.903606,119.923072,4,杭州,富阳区,杭州市,浙江省
29.903606,119.965072,35,杭州,富阳区,杭州市,浙江省
29.903606,120.133072,13,杭州,萧山区,杭州市,浙江省
29.939642,119.923072,7,杭州,富阳区,杭州市,浙江省
29.939642,120.007072,3,杭州,富阳区,杭州市,浙江省
29.939642,120.175072,5,杭州,萧山区,杭州市,浙江省
29.975678,119.671072,5,杭州,富阳区,杭州市,浙江省
29.975678,119.713072,49,杭州,富阳区,杭州市,浙江省
29.975678,119.755072,122,杭州,富阳区,杭州市,浙江省
29.975678,119.923072,5,杭州,富阳区,杭州市,浙江省
29.975678,120.259072,30,杭州,萧山区,杭州市,浙江省
30.011714,119.419072,7,杭州,临安区,杭州市,浙江省
30.011714,119.629072,3,杭州,富阳区,杭州市,浙江省
30.011714,119.755072,8,杭州,富阳区,杭州市,浙江省
30.011714,119.881072,13,杭州,富阳区,杭州市,浙江省
30.011714,119.923072,57,杭州,富阳区,杭州市,浙江省
30.011714,119.965072,54,杭州,富阳区,杭州市,浙江省
30.011714,120.007072,44,杭州,富阳区,杭州市,浙江省
30.011714,120.049072,7,杭州,富阳区,杭州市,浙江省
30.011714,120.175072,5,杭州,萧山区,杭州市,浙江省
30.011714,120.217072,7,杭州,萧山区,杭州市,浙江省
30.011714,120.301072,7,杭州,萧山区,杭州市,浙江省
30.04775,118.999072,11,杭州,临安区,杭州市,浙江省
30.04775,119.167072,23,杭州,临安区,杭州市,浙江省
30.04775,119.335072,4,杭州,临安区,杭州市,浙江省
30.04775,119.713072,4,杭州,富阳区,杭州市,浙江省
30.04775,119.839072,3,杭州,富阳区,杭州市,浙江省
30.04775,119.881072,5,杭州,富阳区,杭州市,浙江省
30.04775,119.923072,1149,杭州,富阳区,杭州市,浙江省
30.04775,119.965072,730,杭州,富阳区,杭州市,浙江省
30.04775,120.007072,20,杭州,富阳区,杭州市,浙江省
30.04775,120.049072,20,杭州,富阳区,杭州市,浙江省
30.04775,120.175072,4,杭州,萧山区,杭州市,浙江省
30.04775,120.259072,142,杭州,萧山区,杭州市,浙江省
30.083786,118.999072,20,杭州,临安区,杭州市,浙江省
30.083786,119.587072,7,杭州,富阳区,杭州市,浙江省
30.083786,119.755072,3,杭州,富阳区,杭州市,浙江省
30.083786,119.881072,83,杭州,富阳区,杭州市,浙江省
30.083786,119.923072,199,杭州,富阳区,杭州市,浙江省
30.083786,119.965072,33,杭州,富阳区,杭州市,浙江省
30.083786,120.007072,27,杭州,富阳区,杭州市,浙江省
30.083786,120.049072,64,杭州,富阳区,杭州市,浙江省
30.083786,120.133072,3,杭州,富阳区,杭州市,浙江省
30.083786,120.175072,30,杭州,萧山区,杭州市,浙江省
30.083786,120.217072,59,杭州,萧山区,杭州市,浙江省
30.083786,120.301072,5,杭州,萧山区,杭州市,浙江省
30.119822,119.041072,6,杭州,临安区,杭州市,浙江省
30.119822,119.251072,8,杭州,临安区,杭州市,浙江省
30.119822,119.923072,6,杭州,富阳区,杭州市,浙江省
30.119822,119.965072,30,杭州,富阳区,杭州市,浙江省
30.119822,120.049072,4,杭州,西湖区,杭州市,浙江省
30.119822,120.091072,28,杭州,西湖区,杭州市,浙江省
30.119822,120.133072,14,杭州,西湖区,杭州市,浙江省
30.119822,120.175072,102,杭州,萧山区,杭州市,浙江省
30.119822,120.217072,12,杭州,萧山区,杭州市,浙江省
30.119822,120.259072,58,杭州,萧山区,杭州市,浙江省
30.155858,118.873072,5,杭州,临安区,杭州市,浙江省
30.155858,119.125072,26,杭州,临安区,杭州市,浙江省
30.155858,119.209072,101,杭州,临安区,杭州市,浙江省
30.155858,119.965072,60,杭州,富阳区,杭州市,浙江省
30.155858,120.007072,32,杭州,富阳区,杭州市,浙江省
30.155858,120.049072,27,杭州,西湖区,杭州市,浙江省
30.155858,120.091072,289,杭州,西湖区,杭州市,浙江省
30.155858,120.133072,182,杭州,滨江区,杭州市,浙江省
30.155858,120.175072,180,杭州,滨江区,杭州市,浙江省
30.155858,120.217072,42,杭州,滨江区,杭州市,浙江省
30.155858,120.259072,562,杭州,萧山区,杭州市,浙江省
30.155858,120.301072,171,杭州,萧山区,杭州市,浙江省
30.155858,120.343072,15,杭州,萧山区,杭州市,浙江省
30.155858,120.427072,25,杭州,萧山区,杭州市,浙江省
30.191894,119.125072,11,杭州,临安区,杭州市,浙江省
30.191894,119.293072,7,杭州,临安区,杭州市,浙江省
30.191894,119.377072,16,杭州,临安区,杭州市,浙江省
30.191894,119.419072,58,杭州,临安区,杭州市,浙江省
30.191894,119.503072,12,杭州,临安区,杭州市,浙江省
30.191894,119.545072,5,杭州,临安区,杭州市,浙江省
30.191894,119.629072,3,杭州,临安区,杭州市,浙江省
30.191894,119.671072,14,杭州,临安区,杭州市,浙江省
30.191894,119.713072,5,杭州,临安区,杭州市,浙江省
30.191894,120.007072,76,杭州,西湖区,杭州市,浙江省
30.191894,120.049072,17,杭州,西湖区,杭州市,浙江省
30.191894,120.091072,12,杭州,西湖区,杭州市,浙江省
30.191894,120.133072,174,杭州,西湖区,杭州市,浙江省
30.191894,120.175072,626,杭州,滨江区,杭州市,浙江省
30.191894,120.217072,951,杭州,滨江区,杭州市,浙江省
30.191894,120.259072,685,杭州,萧山区,杭州市,浙江省
30.191894,120.301072,128,杭州,萧山区,杭州市,浙江省
30.191894,120.343072,62,杭州,萧山区,杭州市,浙江省
30.191894,120.385072,31,杭州,萧山区,杭州市,浙江省
30.191894,120.427072,16,杭州,萧山区,杭州市,浙江省
30.191894,120.469072,156,杭州,萧山区,杭州市,浙江省
30.191894,120.595072,12,杭州,萧山区,杭州市,浙江省
30.22793,119.083072,5,杭州,临安区,杭州市,浙江省
30.22793,119.461072,3,杭州,临安区,杭州市,浙江省
30.22793,119.671072,28,杭州,临安区,杭州市,浙江省
30.22793,119.713072,1291,杭州,临安区,杭州市,浙江省
30.22793,119.755072,28,杭州,临安区,杭州市,浙江省
30.22793,119.797072,5,杭州,临安区,杭州市,浙江省
30.22793,119.839072,13,杭州,临安区,杭州市,浙江省
30.22793,119.923072,26,杭州,余杭区,杭州市,浙江省
30.22793,119.965072,73,杭州,余杭区,杭州市,浙江省
30.22793,120.007072,202,杭州,余杭区,杭州市,浙江省
30.22793,120.049072,360,杭州,西湖区,杭州市,浙江省
30.22793,120.091072,39,杭州,西湖区,杭州市,浙江省
30.22793,120.133072,70,杭州,西湖区,杭州市,浙江省
30.22793,120.175072,736,杭州,上城区,杭州市,浙江省
30.22793,120.217072,459,杭州,滨江区,杭州市,浙江省
30.22793,120.259072,357,杭州,萧山区,杭州市,浙江省
30.22793,120.301072,155,杭州,萧山区,杭州市,浙江省
30.22793,120.343072,28,杭州,萧山区,杭州市,浙江省
30.22793,120.385072,21,杭州,萧山区,杭州市,浙江省
30.22793,120.427072,44,杭州,萧山区,杭州市,浙江省
30.22793,120.469072,101,杭州,萧山区,杭州市,浙江省
30.22793,120.553072,16,杭州,萧山区,杭州市,浙江省
30.263966,119.041072,3,杭州,临安区,杭州市,浙江省
30.263966,119.083072,11,杭州,临安区,杭州市,浙江省
30.263966,119.461072,10,杭州,临安区,杭州市,浙江省
30.263966,119.587072,8,杭州,临安区,杭州市,浙江省
30.263966,119.713072,298,杭州,临安区,杭州市,浙江省
30.263966,119.755072,4,杭州,临安区,杭州市,浙江省
30.263966,119.797072,21,杭州,临安区,杭州市,浙江省
30.263966,119.839072,78,杭州,临安区,杭州市,浙江省
30.263966,119.881072,9,杭州,余杭区,杭州市,浙江省
30.263966,119.923072,104,杭州,余杭区,杭州市,浙江省
30.263966,119.965072,254,杭州,余杭区,杭州市,浙江省
30.263966,120.007072,289,杭州,余杭区,杭州市,浙江省
30.263966,120.049072,185,杭州,余杭区,杭州市,浙江省
30.263966,120.091072,373,杭州,西湖区,杭州市,浙江省
30.263966,120.133072,835,杭州,西湖区,杭州市,浙江省
30.263966,120.175072,2451,杭州,下城区,杭州市,浙江省
30.263966,120.217072,875,杭州,江干区,杭州市,浙江省
30.263966,120.259072,5,杭州,萧山区,杭州市,浙江省
30.263966,120.301072,16,杭州,萧山区,杭州市,浙江省
30.263966,120.385072,59,杭州,萧山区,杭州市,浙江省
30.263966,120.427072,22,杭州,萧山区,杭州市,浙江省
30.263966,120.469072,90,杭州,萧山区,杭州市,浙江省
30.263966,120.511072,92,杭州,萧山区,杭州市,浙江省
30.263966,120.553072,23,杭州,萧山区,杭州市,浙江省
30.300002,118.957072,5,杭州,临安区,杭州市,浙江省
30.300002,119.713072,45,杭州,临安区,杭州市,浙江省
30.300002,119.839072,23,杭州,余杭区,杭州市,浙江省
30.300002,119.923072,4,杭州,余杭区,杭州市,浙江省
30.300002,119.965072,7,杭州,余杭区,杭州市,浙江省
30.300002,120.007072,234,杭州,余杭区,杭州市,浙江省
30.300002,120.049072,322,杭州,余杭区,杭州市,浙江省
30.300002,120.091072,1127,杭州,西湖区,杭州市,浙江省
30.300002,120.133072,1308,杭州,拱墅区,杭州市,浙江省
30.300002,120.175072,730,杭州,下城区,杭州市,浙江省
30.300002,120.217072,565,杭州,江干区,杭州市,浙江省
30.300002,120.259072,404,杭州,江干区,杭州市,浙江省
30.300002,120.301072,240,杭州,江干区,杭州市,浙江省
30.300002,120.343072,1153,杭州,江干区,杭州市,浙江省
30.300002,120.385072,698,杭州,江干区,杭州市,浙江省
30.300002,120.469072,34,杭州,萧山区,杭州市,浙江省
30.300002,120.511072,16,杭州,萧山区,杭州市,浙江省
30.300002,120.553072,6,杭州,萧山区,杭州市,浙江省
30.300002,120.595072,42,杭州,萧山区,杭州市,浙江省
30.336038,119.587072,7,杭州,临安区,杭州市,浙江省
30.336038,119.797072,3,杭州,临安区,杭州市,浙江省
30.336038,120.007072,31,杭州,余杭区,杭州市,浙江省
30.336038,120.049072,65,杭州,西湖区,杭州市,浙江省
30.336038,120.091072,675,杭州,余杭区,杭州市,浙江省
30.336038,120.133072,735,杭州,拱墅区,杭州市,浙江省
30.336038,120.175072,576,杭州,拱墅区,杭州市,浙江省
30.336038,120.217072,361,杭州,江干区,杭州市,浙江省
30.336038,120.259072,174,杭州,江干区,杭州市,浙江省
30.336038,120.301072,170,杭州,江干区,杭州市,浙江省
30.336038,120.343072,275,杭州,江干区,杭州市,浙江省
30.336038,120.385072,110,杭州,江干区,杭州市,浙江省
30.336038,120.511072,3,杭州,萧山区,杭州市,浙江省
30.372074,119.545072,15,杭州,临安区,杭州市,浙江省
30.372074,119.587072,8,杭州,临安区,杭州市,浙江省
30.372074,119.713072,4,杭州,临安区,杭州市,浙江省
30.372074,119.881072,4,杭州,余杭区,杭州市,浙江省
30.372074,119.965072,60,杭州,余杭区,杭州市,浙江省
30.372074,120.007072,31,杭州,余杭区,杭州市,浙江省
30.372074,120.049072,145,杭州,余杭区,杭州市,浙江省
30.372074,120.091072,64,杭州,余杭区,杭州市,浙江省
30.372074,120.133072,73,杭州,拱墅区,杭州市,浙江省
30.372074,120.175072,124,杭州,拱墅区,杭州市,浙江省
30.372074,120.217072,142,杭州,江干区,杭州市,浙江省
30.372074,120.259072,50,杭州,余杭区,杭州市,浙江省
30.372074,120.301072,95,杭州,余杭区,杭州市,浙江省
30.40811,119.545072,4,杭州,临安区,杭州市,浙江省
30.40811,119.587072,10,杭州,临安区,杭州市,浙江省
30.40811,119.629072,3,杭州,临安区,杭州市,浙江省
30.40811,119.839072,3,杭州,余杭区,杭州市,浙江省
30.40811,119.965072,38,杭州,余杭区,杭州市,浙江省
30.40811,120.091072,6,杭州,余杭区,杭州市,浙江省
30.40811,120.133072,11,杭州,余杭区,杭州市,浙江省
30.40811,120.175072,7,杭州,余杭区,杭州市,浙江省
30.40811,120.259072,139,杭州,余杭区,杭州市,浙江省
30.40811,120.301072,748,杭州,余杭区,杭州市,浙江省
30.444146,119.797072,5,杭州,余杭区,杭州市,浙江省
30.444146,120.091072,39,杭州,余杭区,杭州市,浙江省
30.444146,120.175072,7,杭州,余杭区,杭州市,浙江省
30.444146,120.217072,29,杭州,余杭区,杭州市,浙江省
30.444146,120.259072,39,杭州,余杭区,杭州市,浙江省
30.444146,120.301072,303,杭州,余杭区,杭州市,浙江省
30.480182,120.175072,182,杭州,余杭区,杭州市,浙江省
30.480182,120.217072,22,杭州,余杭区,杭州市,浙江省
30.480182,120.259072,16,杭州,余杭区,杭州市,浙江省
30.480182,120.301072,21,杭州,余杭区,杭州市,浙江省
30.516218,120.301072,3,杭州,余杭区,杭州市,浙江省
31.654664,118.721385,3,南京,江宁区,南京市,江苏省
31.654664,119.015385,3,南京,溧水区,南京市,江苏省
31.6907,118.847385,9,南京,江宁区,南京市,江苏省
31.6907,118.889385,270,南京,江宁区,南京市,江苏省
31.726736,118.721385,49,南京,江宁区,南京市,江苏省
31.726736,118.763385,17,南京,江宁区,南京市,江苏省
31.726736,118.889385,96,南京,江宁区,南京市,江苏省
31.762772,118.637385,3,南京,江宁区,南京市,江苏省
31.762772,118.679385,43,南京,江宁区,南京市,江苏省
31.762772,118.763385,75,南京,江宁区,南京市,江苏省
31.762772,118.805385,6,南京,江宁区,南京市,江苏省
31.762772,118.847385,229,南京,江宁区,南京市,江苏省
31.762772,118.889385,10,南京,江宁区,南京市,江苏省
31.798808,118.553385,67,南京,江宁区,南京市,江苏省
31.798808,118.595385,4,南京,江宁区,南京市,江苏省
31.798808,118.637385,32,南京,江宁区,南京市,江苏省
31.798808,118.679385,6,南京,江宁区,南京市,江苏省
31.798808,118.721385,32,南京,江宁区,南京市,江苏省
31.798808,118.763385,6,南京,江宁区,南京市,江苏省
31.798808,118.805385,34,南京,江宁区,南京市,江苏省
31.798808,118.847385,20,南京,江宁区,南京市,江苏省
31.798808,118.889385,4,南京,江宁区,南京市,江苏省
31.798808,118.931385,14,南京,江宁区,南京市,江苏省
31.834844,118.595385,72,南京,江宁区,南京市,江苏省
31.834844,118.637385,8,南京,江宁区,南京市,江苏省
31.834844,118.679385,6,南京,江宁区,南京市,江苏省
31.834844,118.721385,9,南京,江宁区,南京市,江苏省
31.834844,118.763385,14,南京,江宁区,南京市,江苏省
31.834844,118.805385,3,南京,江宁区,南京市,江苏省
31.834844,118.847385,125,南京,江宁区,南京市,江苏省
31.834844,118.931385,15,南京,江宁区,南京市,江苏省
31.87088,118.469385,5,南京,浦口区,南京市,江苏省
31.87088,118.595385,129,南京,江宁区,南京市,江苏省
31.87088,118.637385,3,南京,雨花台区,南京市,江苏省
31.87088,118.679385,144,南京,江宁区,南京市,江苏省
31.87088,118.721385,30,南京,江宁区,南京市,江苏省
31.87088,118.763385,84,南京,江宁区,南京市,江苏省
31.87088,118.805385,78,南京,江宁区,南京市,江苏省
31.87088,118.847385,115,南京,江宁区,南京市,江苏省
31.87088,118.889385,200,南京,江宁区,南京市,江苏省
31.87088,118.931385,4,南京,江宁区,南京市,江苏省
31.87088,118.973385,142,南京,江宁区,南京市,江苏省
31.906916,118.637385,293,南京,雨花台区,南京市,江苏省
31.906916,118.679385,252,南京,雨花台区,南京市,江苏省
31.906916,118.721385,31,南京,江宁区,南京市,江苏省
31.906916,118.763385,80,南京,江宁区,南京市,江苏省
31.906916,118.805385,338,南京,江宁区,南京市,江苏省
31.906916,118.847385,831,南京,江宁区,南京市,江苏省
31.906916,118.889385,741,南京,江宁区,南京市,江苏省
31.906916,118.931385,143,南京,江宁区,南京市,江苏省
31.906916,119.099385,8,南京,江宁区,南京市,江苏省
31.942952,118.427385,11,南京,浦口区,南京市,江苏省
31.942952,118.469385,4,南京,浦口区,南京市,江苏省
31.942952,118.511385,28,南京,浦口区,南京市,江苏省
31.942952,118.553385,30,南京,浦口区,南京市,江苏省
31.942952,118.637385,37,南京,雨花台区,南京市,江苏省
31.942952,118.679385,332,南京,雨花台区,南京市,江苏省
31.942952,118.721385,210,南京,雨花台区,南京市,江苏省
31.942952,118.763385,545,南京,雨花台区,南京市,江苏省
31.942952,118.805385,2303,南京,江宁区,南京市,江苏省
31.942952,118.847385,2553,南京,江宁区,南京市,江苏省
31.942952,118.889385,1080,南京,江宁区,南京市,江苏省
31.942952,118.931385,79,南京,江宁区,南京市,江苏省
31.942952,118.973385,5,南京,江宁区,南京市,江苏省
31.942952,119.015385,10,南京,江宁区,南京市,江苏省
31.978988,118.553385,7,南京,浦口区,南京市,江苏省
31.978988,118.595385,5,南京,浦口区,南京市,江苏省
31.978988,118.679385,57,南京,建邺区,南京市,江苏省
31.978988,118.721385,1512,南京,建邺区,南京市,江苏省
31.978988,118.763385,1166,南京,雨花台区,南京市,江苏省
31.978988,118.805385,1281,南京,秦淮区,南京市,江苏省
31.978988,118.847385,198,南京,江宁区,南京市,江苏省
31.978988,118.889385,151,南京,江宁区,南京市,江苏省
31.978988,118.931385,10,南京,江宁区,南京市,江苏省
31.978988,119.015385,12,南京,江宁区,南京市,江苏省
32.015024,118.469385,25,南京,浦口区,南京市,江苏省
32.015024,118.511385,5,南京,浦口区,南京市,江苏省
32.015024,118.595385,6,南京,浦口区,南京市,江苏省
32.015024,118.679385,29,南京,建邺区,南京市,江苏省
32.015024,118.721385,1932,南京,建邺区,南京市,江苏省
32.015024,118.763385,3422,南京,建邺区,南京市,江苏省
32.015024,118.805385,3648,南京,秦淮区,南京市,江苏省
32.015024,118.847385,693,南京,秦淮区,南京市,江苏省
32.015024,118.889385,261,南京,江宁区,南京市,江苏省
32.015024,118.931385,31,南京,江宁区,南京市,江苏省
32.015024,119.057385,57,南京,江宁区,南京市,江苏省
32.05106,118.471385,9,南京,浦口区,南京市,江苏省
32.05106,118.600385,132,南京,浦口区,南京市,江苏省
32.05106,118.643385,1275,南京,浦口区,南京市,江苏省
32.05106,118.686385,8,南京,浦口区,南京市,江苏省
32.05106,118.729385,1418,南京,鼓楼区,南京市,江苏省
32.05106,118.772385,7936,南京,鼓楼区,南京市,江苏省
32.05106,118.815385,2004,南京,玄武区,南京市,江苏省
32.05106,118.858385,771,南京,玄武区,南京市,江苏省
32.05106,118.901385,640,南京,栖霞区,南京市,江苏省
32.05106,118.944385,405,南京,江宁区,南京市,江苏省
32.05106,118.987385,15,南京,江宁区,南京市,江苏省
32.05106,119.030385,36,南京,江宁区,南京市,江苏省
32.05106,119.073385,227,南京,江宁区,南京市,江苏省
32.087096,118.514385,67,南京,浦口区,南京市,江苏省
32.087096,118.600385,41,南京,浦口区,南京市,江苏省
32.087096,118.643385,364,南京,浦口区,南京市,江苏省
32.087096,118.686385,96,南京,浦口区,南京市,江苏省
32.087096,118.729385,508,南京,建邺区,南京市,江苏省
32.087096,118.772385,3246,南京,鼓楼区,南京市,江苏省
32.087096,118.815385,1907,南京,玄武区,南京市,江苏省
32.087096,118.858385,89,南京,玄武区,南京市,江苏省
32.087096,118.901385,1444,南京,玄武区,南京市,江苏省
32.087096,118.944385,250,南京,江宁区,南京市,江苏省
32.087096,119.073385,4,南京,江宁区,南京市,江苏省
32.123132,118.557385,32,南京,浦口区,南京市,江苏省
32.123132,118.600385,14,南京,浦口区,南京市,江苏省
32.123132,118.643385,9,南京,浦口区,南京市,江苏省
32.123132,118.686385,293,南京,浦口区,南京市,江苏省
32.123132,118.729385,1491,南京,浦口区,南京市,江苏省
32.123132,118.772385,793,南京,鼓楼区,南京市,江苏省
32.123132,118.815385,786,南京,栖霞区,南京市,江苏省
32.123132,118.858385,681,南京,栖霞区,南京市,江苏省
32.123132,118.901385,375,南京,栖霞区,南京市,江苏省
32.123132,118.944385,577,南京,栖霞区,南京市,江苏省
32.123132,118.987385,320,南京,栖霞区,南京市,江苏省
32.159168,118.514385,3,南京,浦口区,南京市,江苏省
32.159168,118.557385,7,南京,浦口区,南京市,江苏省
32.159168,118.600385,3,南京,浦口区,南京市,江苏省
32.159168,118.643385,6,南京,浦口区,南京市,江苏省
32.159168,118.686385,242,南京,浦口区,南京市,江苏省
32.159168,118.729385,1071,南京,浦口区,南京市,江苏省
32.159168,118.772385,123,南京,浦口区,南京市,江苏省
32.159168,118.815385,34,南京,栖霞区,南京市,江苏省
32.159168,118.858385,93,南京,栖霞区,南京市,江苏省
32.159168,118.901385,48,南京,栖霞区,南京市,江苏省
32.159168,118.944385,98,南京,栖霞区,南京市,江苏省
32.159168,118.987385,84,南京,栖霞区,南京市,江苏省
32.159168,119.030385,10,南京,栖霞区,南京市,江苏省
32.195204,118.643385,3,南京,浦口区,南京市,江苏省
32.195204,118.686385,85,南京,浦口区,南京市,江苏省
32.195204,118.729385,845,南京,浦口区,南京市,江苏省
32.195204,118.772385,16,南京,栖霞区,南京市,江苏省
32.195204,118.815385,18,南京,栖霞区,南京市,江苏省
32.195204,118.944385,45,南京,六合区,南京市,江苏省
32.195204,118.987385,3,南京,六合区,南京市,江苏省
32.195204,119.073385,44,南京,栖霞区,南京市,江苏省
32.195204,119.202385,3,南京,栖霞区,南京市,江苏省
32.23124,118.729385,797,南京,六合区,南京市,江苏省
32.23124,118.772385,902,南京,六合区,南京市,江苏省
32.23124,118.815385,6,南京,六合区,南京市,江苏省
32.23124,118.901385,21,南京,六合区,南京市,江苏省
32.23124,118.944385,3,南京,六合区,南京市,江苏省
32.23124,119.116385,14,南京,栖霞区,南京市,江苏省
32.267276,118.729385,41,南京,六合区,南京市,江苏省
32.267276,118.772385,8,南京,六合区,南京市,江苏省
32.267276,118.815385,4,南京,六合区,南京市,江苏省
32.267276,118.901385,19,南京,六合区,南京市,江苏省
32.267276,118.987385,14,南京,六合区,南京市,江苏省
32.303312,118.729385,20,南京,六合区,南京市,江苏省
32.303312,118.772385,24,南京,六合区,南京市,江苏省
32.303312,118.815385,110,南京,六合区,南京市,江苏省
32.303312,118.858385,15,南京,六合区,南京市,江苏省
32.303312,118.944385,11,南京,六合区,南京市,江苏省
32.339348,118.815385,365,南京,六合区,南京市,江苏省
32.339348,118.858385,857,南京,六合区,南京市,江苏省
32.339348,118.901385,8,南京,六合区,南京市,江苏省
32.339348,118.944385,85,南京,六合区,南京市,江苏省
32.375384,118.729385,35,南京,六合区,南京市,江苏省
32.375384,118.815385,5,南京,六合区,南京市,江苏省
32.375384,118.858385,21,南京,六合区,南京市,江苏省
32.375384,118.944385,9,南京,六合区,南京市,江苏省
32.41142,118.815385,5,南京,六合区,南京市,江苏省
32.41142,118.901385,6,南京,六合区,南京市,江苏省
32.41142,118.944385,32,南京,六合区,南京市,江苏省
32.447456,118.815385,3,南京,六合区,南京市,江苏省
32.447456,118.944385,6,南京,六合区,南京市,江苏省
32.483492,118.643385,6,南京,六合区,南京市,江苏省
32.483492,118.686385,3,南京,六合区,南京市,江苏省
32.483492,118.729385,9,南京,六合区,南京市,江苏省
32.483492,118.944385,3,南京,六合区,南京市,江苏省
32.483492,118.987385,13,南京,六合区,南京市,江苏省
32.519528,118.686385,57,南京,六合区,南京市,江苏省
32.519528,118.815385,17,南京,六合区,南京市,江苏省
32.519528,118.901385,10,南京,六合区,南京市,江苏省
32.519528,118.944385,5,南京,六合区,南京市,江苏省
32.555564,118.643385,4,南京,六合区,南京市,江苏省
32.555564,118.729385,3,南京,六合区,南京市,江苏省
30.269447,104.11604,8,成都,双流区,成都市,四川省
30.305483,103.99004,189,成都,双流区,成都市,四川省
30.305483,104.03204,62,成都,双流区,成都市,四川省
30.305483,104.11604,5,成都,双流区,成都市,四川省
30.305483,104.15804,6,成都,双流区,成都市,四川省
30.341519,103.94804,48,成都,双流区,成都市,四川省
30.341519,103.99004,4,成都,双流区,成都市,四川省
30.341519,104.03204,7,成都,双流区,成都市,四川省
30.341519,104.07404,4,成都,双流区,成都市,四川省
30.341519,104.11604,5,成都,双流区,成都市,四川省
30.341519,104.15804,35,成都,双流区,成都市,四川省
30.377555,103.94804,12,成都,双流区,成都市,四川省
30.377555,104.03204,16,成都,双流区,成都市,四川省
30.377555,104.07404,14,成都,双流区,成都市,四川省
30.377555,104.11604,7,成都,双流区,成都市,四川省
30.377555,104.15804,13,成都,双流区,成都市,四川省
30.413591,103.44404,3,成都,邛崃市,成都市,四川省
30.413591,103.99004,58,成都,双流区,成都市,四川省
30.413591,104.03204,7,成都,双流区,成都市,四川省
30.413591,104.07404,43,成都,双流区,成都市,四川省
30.413591,104.11604,32,成都,双流区,成都市,四川省
30.413591,104.15804,15,成都,双流区,成都市,四川省
30.413591,104.20004,22,成都,双流区,成都市,四川省
30.449627,103.99004,13,成都,双流区,成都市,四川省
30.449627,104.03204,70,成都,双流区,成都市,四川省
30.449627,104.07404,18,成都,双流区,成都市,四川省
30.449627,104.11604,5,成都,双流区,成都市,四川省
30.449627,104.15804,13,成都,双流区,成都市,四川省
30.449627,104.20004,18,成都,双流区,成都市,四川省
30.485663,103.90604,48,成都,新津县,成都市,四川省
30.485663,103.94804,99,成都,双流区,成都市,四川省
30.485663,103.99004,152,成都,双流区,成都市,四川省
30.485663,104.03204,434,成都,双流区,成都市,四川省
30.485663,104.07404,601,成都,双流区,成都市,四川省
30.485663,104.11604,115,成都,双流区,成都市,四川省
30.485663,104.15804,67,成都,双流区,成都市,四川省
30.485663,104.20004,11,成都,双流区,成都市,四川省
30.521699,103.86404,34,成都,双流区,成都市,四川省
30.521699,103.90604,14,成都,双流区,成都市,四川省
30.521699,103.94804,76,成都,双流区,成都市,四川省
30.521699,103.99004,123,成都,双流区,成都市,四川省
30.521699,104.03204,566,成都,双流区,成都市,四川省
30.521699,104.07404,2349,成都,双流区,成都市,四川省
30.521699,104.11604,25,成都,双流区,成都市,四川省
30.521699,104.15804,61,成都,双流区,成都市,四川省
30.521699,104.20004,14,成都,龙泉驿区,成都市,四川省
30.521699,104.24204,175,成都,龙泉驿区,成都市,四川省
30.521699,104.28404,4,成都,龙泉驿区,成都市,四川省
30.557735,103.82204,3,成都,双流区,成都市,四川省
30.557735,103.86404,17,成都,双流区,成都市,四川省
30.557735,103.90604,1033,成都,双流区,成都市,四川省
30.557735,103.94804,502,成都,双流区,成都市,四川省
30.557735,103.99004,1952,成都,双流区,成都市,四川省
30.557735,104.03204,1496,成都,武侯区,成都市,四川省
30.557735,104.07404,3351,成都,武侯区,成都市,四川省
30.557735,104.11604,238,成都,锦江区,成都市,四川省
30.557735,104.15804,146,成都,龙泉驿区,成都市,四川省
30.557735,104.20004,693,成都,龙泉驿区,成都市,四川省
30.557735,104.24204,807,成都,龙泉驿区,成都市,四川省
30.557735,104.28404,799,成都,龙泉驿区,成都市,四川省
30.557735,104.32604,4,成都,龙泉驿区,成都市,四川省
30.593771,103.82204,10,成都,双流区,成都市,四川省
30.593771,103.86404,113,成都,双流区,成都市,四川省
30.593771,103.90604,1213,成都,双流区,成都市,四川省
30.593771,103.94804,471,成都,双流区,成都市,四川省
30.593771,103.99004,1500,成都,武侯区,成都市,四川省
30.593771,104.03204,773,成都,武侯区,成都市,四川省
30.593771,104.07404,2949,成都,武侯区,成都市,四川省
30.593771,104.11604,1438,成都,锦江区,成都市,四川省
30.593771,104.15804,1254,成都,龙泉驿区,成都市,四川省
30.593771,104.20004,164,成都,龙泉驿区,成都市,四川省
30.593771,104.24204,258,成都,龙泉驿区,成都市,四川省
30.593771,104.28404,220,成都,龙泉驿区,成都市,四川省
30.593771,104.32604,391,成都,龙泉驿区,成都市,四川省
30.629807,103.82204,67,成都,温江区,成都市,四川省
30.629807,103.86404,21,成都,双流区,成都市,四川省
30.629807,103.90604,257,成都,双流区,成都市,四川省
30.629807,103.94804,165,成都,双流区,成都市,四川省
30.629807,103.99004,1687,成都,武侯区,成都市,四川省
30.629807,104.03204,4507,成都,武侯区,成都市,四川省
30.629807,104.07404,6300,成都,武侯区,成都市,四川省
30.629807,104.11604,2920,成都,锦江区,成都市,四川省
30.629807,104.15804,1429,成都,成华区,成都市,四川省
30.629807,104.20004,13,成都,龙泉驿区,成都市,四川省
30.629807,104.24204,48,成都,龙泉驿区,成都市,四川省
30.629807,104.28404,19,成都,龙泉驿区,成都市,四川省
30.629807,104.32604,312,成都,龙泉驿区,成都市,四川省
30.665843,103.78004,31,成都,温江区,成都市,四川省
30.665843,103.82204,1052,成都,温江区,成都市,四川省
30.665843,103.86404,586,成都,温江区,成都市,四川省
30.665843,103.90604,218,成都,温江区,成都市,四川省
30.665843,103.94804,953,成都,青羊区,成都市,四川省
30.665843,103.99004,3029,成都,青羊区,成都市,四川省
30.665843,104.03204,4850,成都,青羊区,成都市,四川省
30.665843,104.07404,9923,成都,青羊区,成都市,四川省
30.665843,104.11604,5065,成都,成华区,成都市,四川省
30.665843,104.15804,1055,成都,成华区,成都市,四川省
30.665843,104.20004,566,成都,龙泉驿区,成都市,四川省
30.665843,104.24204,165,成都,龙泉驿区,成都市,四川省
30.665843,104.28404,24,成都,龙泉驿区,成都市,四川省
30.665843,104.36804,4,成都,龙泉驿区,成都市,四川省
30.701879,103.73804,3,成都,崇州市,成都市,四川省
30.701879,103.78004,41,成都,温江区,成都市,四川省
30.701879,103.82204,2008,成都,温江区,成都市,四川省
30.701879,103.86404,1343,成都,温江区,成都市,四川省
30.701879,103.90604,109,成都,温江区,成都市,四川省
30.701879,103.94804,158,成都,青羊区,成都市,四川省
30.701879,103.99004,656,成都,青羊区,成都市,四川省
30.701879,104.03204,3947,成都,金牛区,成都市,四川省
30.701879,104.07404,2850,成都,成华区,成都市,四川省
30.701879,104.11604,1775,成都,成华区,成都市,四川省
30.701879,104.15804,614,成都,成华区,成都市,四川省
30.701879,104.20004,62,成都,成华区,成都市,四川省
30.701879,104.28404,10,成都,龙泉驿区,成都市,四川省
30.701879,104.36804,5,成都,青白江区,成都市,四川省
30.737915,103.78004,113,成都,温江区,成都市,四川省
30.737915,103.82204,161,成都,温江区,成都市,四川省
30.737915,103.86404,6,成都,温江区,成都市,四川省
30.737915,103.90604,788,成都,温江区,成都市,四川省
30.737915,103.94804,702,成都,郫都区,成都市,四川省
30.737915,103.99004,1404,成都,郫都区,成都市,四川省
30.737915,104.03204,361,成都,郫都区,成都市,四川省
30.737915,104.07404,265,成都,金牛区,成都市,四川省
30.737915,104.11604,95,成都,金牛区,成都市,四川省
30.737915,104.15804,164,成都,成华区,成都市,四川省
30.737915,104.20004,106,成都,新都区,成都市,四川省
30.737915,104.28404,78,成都,新都区,成都市,四川省
30.737915,104.32604,5,成都,青白江区,成都市,四川省
30.737915,104.36804,5,成都,青白江区,成都市,四川省
30.737915,104.41004,46,成都,青白江区,成都市,四川省
30.773951,103.73804,6,成都,温江区,成都市,四川省
30.773951,103.78004,13,成都,温江区,成都市,四川省
30.773951,103.82204,11,成都,郫都区,成都市,四川省
30.773951,103.86404,193,成都,郫都区,成都市,四川省
30.773951,103.90604,225,成都,郫都区,成都市,四川省
30.773951,103.94804,1864,成都,金牛区,成都市,四川省
30.773951,103.99004,833,成都,郫都区,成都市,四川省
30.773951,104.03204,421,成都,新都区,成都市,四川省
30.773951,104.07404,934,成都,金牛区,成都市,四川省
30.773951,104.11604,209,成都,金牛区,成都市,四川省
30.773951,104.15804,374,成都,新都区,成都市,四川省
30.773951,104.20004,9,成都,新都区,成都市,四川省
30.773951,104.24204,64,成都,新都区,成都市,四川省
30.773951,104.28404,3,成都,青白江区,成都市,四川省
30.773951,104.36804,3,成都,青白江区,成都市,四川省
30.809987,103.73804,45,成都,温江区,成都市,四川省
30.809987,103.78004,47,成都,郫都区,成都市,四川省
30.809987,103.82204,41,成都,郫都区,成都市,四川省
30.809987,103.86404,557,成都,郫都区,成都市,四川省
30.809987,103.90604,1425,成都,郫都区,成都市,四川省
30.809987,103.94804,86,成都,郫都区,成都市,四川省
30.809987,103.99004,539,成都,郫都区,成都市,四川省
30.809987,104.03204,113,成都,新都区,成都市,四川省
30.809987,104.07404,216,成都,新都区,成都市,四川省
30.809987,104.11604,65,成都,新都区,成都市,四川省
30.809987,104.15804,1593,成都,新都区,成都市,四川省
30.809987,104.20004,1134,成都,新都区,成都市,四川省
30.809987,104.24204,43,成都,青白江区,成都市,四川省
30.809987,104.28404,38,成都,青白江区,成都市,四川省
30.809987,104.32604,3,成都,青白江区,成都市,四川省
30.809987,104.36804,5,成都,青白江区,成都市,四川省
30.846023,103.69604,3,成都,都江堰市,成都市,四川省
30.846023,103.73804,23,成都,郫都区,成都市,四川省
30.846023,103.78004,5,成都,郫都区,成都市,四川省
30.846023,103.82204,15,成都,郫都区,成都市,四川省
30.846023,103.86404,20,成都,郫都区,成都市,四川省
30.846023,103.90604,26,成都,郫都区,成都市,四川省
30.846023,103.94804,63,成都,郫都区,成都市,四川省
30.846023,103.99004,11,成都,新都区,成都市,四川省
30.846023,104.03204,54,成都,新都区,成都市,四川省
30.846023,104.07404,18,成都,新都区,成都市,四川省
30.846023,104.11604,20,成都,新都区,成都市,四川省
30.846023,104.15804,152,成都,新都区,成都市,四川省
30.846023,104.20004,78,成都,新都区,成都市,四川省
30.846023,104.24204,40,成都,青白江区,成都市,四川省
30.846023,104.28404,10,成都,青白江区,成都市,四川省
30.846023,104.32604,74,成都,青白江区,成都市,四川省
30.846023,104.36804,8,成都,金堂县,成都市,四川省
30.882059,103.78004,35,成都,郫都区,成都市,四川省
30.882059,103.82204,84,成都,郫都区,成都市,四川省
30.882059,103.86404,36,成都,郫都区,成都市,四川省
30.882059,103.90604,198,成都,郫都区,成都市,四川省
30.882059,103.94804,27,成都,新都区,成都市,四川省
30.882059,103.99004,63,成都,新都区,成都市,四川省
30.882059,104.03204,211,成都,新都区,成都市,四川省
30.882059,104.11604,33,成都,新都区,成都市,四川省
30.882059,104.15804,25,成都,新都区,成都市,四川省
30.882059,104.20004,56,成都,青白江区,成都市,四川省
30.882059,104.24204,595,成都,青白江区,成都市,四川省
30.882059,104.28404,391,成都,青白江区,成都市,四川省
30.882059,104.32604,9,成都,青白江区,成都市,四川省
30.882059,104.36804,5,成都,金堂县,成都市,四川省
30.918095,103.82204,110,成都,郫都区,成都市,四川省
30.918095,103.86404,15,成都,郫都区,成都市,四川省
30.918095,103.94804,4,成都,彭州市,成都市,四川省
30.918095,103.99004,7,成都,新都区,成都市,四川省
30.918095,104.03204,6,成都,新都区,成都市,四川省
30.918095,104.11604,3,成都,彭州市,成都市,四川省
30.954131,103.78004,15,成都,郫都区,成都市,四川省
30.954131,104.03204,11,成都,新都区,成都市,四川省
30.707828,121.289812,8,上海,金山区,上海市,上海市
30.707828,121.331812,285,上海,金山区,上海市,上海市
30.707828,121.373812,10,上海,金山区,上海市,上海市
30.743864,121.289812,10,上海,金山区,上海市,上海市
30.743864,121.331812,1187,上海,金山区,上海市,上海市
30.743864,121.373812,173,上海,金山区,上海市,上海市
30.7799,121.163812,17,上海,金山区,上海市,上海市
30.7799,121.247812,18,上海,金山区,上海市,上海市
30.7799,121.289812,11,上海,金山区,上海市,上海市
30.7799,121.331812,9,上海,金山区,上海市,上海市
30.7799,121.373812,29,上海,金山区,上海市,上海市
30.7799,121.415812,37,上海,金山区,上海市,上海市
30.815936,121.163812,32,上海,金山区,上海市,上海市
30.815936,121.205812,3,上海,金山区,上海市,上海市
30.815936,121.247812,26,上海,金山区,上海市,上海市
30.815936,121.289812,54,上海,金山区,上海市,上海市
30.815936,121.331812,12,上海,金山区,上海市,上海市
30.815936,121.373812,8,上海,金山区,上海市,上海市
30.815936,121.415812,25,上海,奉贤区,上海市,上海市
30.815936,121.457812,59,上海,奉贤区,上海市,上海市
30.815936,121.499812,111,上海,奉贤区,上海市,上海市
30.815936,121.541812,86,上海,奉贤区,上海市,上海市
30.851972,121.079812,20,上海,金山区,上海市,上海市
30.851972,121.247812,4,上海,金山区,上海市,上海市
30.851972,121.289812,4,上海,金山区,上海市,上海市
30.851972,121.331812,119,上海,金山区,上海市,上海市
30.851972,121.415812,3,上海,奉贤区,上海市,上海市
30.851972,121.457812,16,上海,奉贤区,上海市,上海市
30.851972,121.499812,242,上海,奉贤区,上海市,上海市
30.851972,121.541812,44,上海,奉贤区,上海市,上海市
30.851972,121.583812,27,上海,奉贤区,上海市,上海市
30.851972,121.667812,8,上海,奉贤区,上海市,上海市
30.851972,121.751812,6,上海,奉贤区,上海市,上海市
30.851972,121.793812,3,上海,浦东新区,上海市,上海市
30.851972,121.835812,54,上海,浦东新区,上海市,上海市
30.888008,121.037812,141,上海,金山区,上海市,上海市
30.888008,121.079812,13,上海,金山区,上海市,上海市
30.888008,121.163812,505,上海,金山区,上海市,上海市
30.888008,121.205812,12,上海,金山区,上海市,上海市
30.888008,121.247812,29,上海,金山区,上海市,上海市
30.888008,121.289812,9,上海,金山区,上海市,上海市
30.888008,121.331812,201,上海,金山区,上海市,上海市
30.888008,121.373812,9,上海,奉贤区,上海市,上海市
30.888008,121.415812,68,上海,奉贤区,上海市,上海市
30.888008,121.457812,200,上海,奉贤区,上海市,上海市
30.888008,121.499812,28,上海,奉贤区,上海市,上海市
30.888008,121.541812,22,上海,奉贤区,上海市,上海市
30.888008,121.625812,41,上海,奉贤区,上海市,上海市
30.888008,121.667812,5,上海,奉贤区,上海市,上海市
30.888008,121.709812,12,上海,奉贤区,上海市,上海市
30.888008,121.751812,61,上海,奉贤区,上海市,上海市
30.888008,121.793812,34,上海,浦东新区,上海市,上海市
30.888008,121.835812,128,上海,浦东新区,上海市,上海市
30.888008,121.877812,99,上海,浦东新区,上海市,上海市
30.888008,121.919812,582,上海,浦东新区,上海市,上海市
30.888008,121.961812,3,上海,浦东新区,上海市,上海市
30.924044,121.079812,46,上海,松江区,上海市,上海市
30.924044,121.121812,11,上海,松江区,上海市,上海市
30.924044,121.163812,3,上海,松江区,上海市,上海市
30.924044,121.205812,34,上海,松江区,上海市,上海市
30.924044,121.289812,55,上海,松江区,上海市,上海市
30.924044,121.331812,78,上海,松江区,上海市,上海市
30.924044,121.373812,4,上海,奉贤区,上海市,上海市
30.924044,121.415812,17,上海,奉贤区,上海市,上海市
30.924044,121.457812,1424,上海,奉贤区,上海市,上海市
30.924044,121.499812,473,上海,奉贤区,上海市,上海市
30.924044,121.541812,6,上海,奉贤区,上海市,上海市
30.924044,121.583812,65,上海,奉贤区,上海市,上海市
30.924044,121.625812,215,上海,奉贤区,上海市,上海市
30.924044,121.667812,105,上海,奉贤区,上海市,上海市
30.924044,121.709812,95,上海,奉贤区,上海市,上海市
30.924044,121.793812,24,上海,浦东新区,上海市,上海市
30.924044,121.835812,95,上海,浦东新区,上海市,上海市
30.924044,121.877812,34,上海,浦东新区,上海市,上海市
30.924044,121.919812,20,上海,浦东新区,上海市,上海市
30.96008,121.037812,17,上海,青浦区,上海市,上海市
30.96008,121.079812,3,上海,松江区,上海市,上海市
30.96008,121.121812,4,上海,松江区,上海市,上海市
30.96008,121.163812,32,上海,松江区,上海市,上海市
30.96008,121.205812,5,上海,松江区,上海市,上海市
30.96008,121.247812,5,上海,松江区,上海市,上海市
30.96008,121.289812,3,上海,松江区,上海市,上海市
30.96008,121.331812,99,上海,松江区,上海市,上海市
30.96008,121.373812,4,上海,奉贤区,上海市,上海市
30.96008,121.415812,77,上海,奉贤区,上海市,上海市
30.96008,121.457812,90,上海,奉贤区,上海市,上海市
30.96008,121.499812,74,上海,奉贤区,上海市,上海市
30.96008,121.541812,4,上海,奉贤区,上海市,上海市
30.96008,121.583812,4,上海,奉贤区,上海市,上海市
30.96008,121.625812,55,上海,奉贤区,上海市,上海市
30.96008,121.667812,10,上海,奉贤区,上海市,上海市
30.96008,121.709812,3,上海,奉贤区,上海市,上海市
30.96008,121.751812,80,上海,浦东新区,上海市,上海市
30.96008,121.793812,19,上海,浦东新区,上海市,上海市
30.96008,121.835812,31,上海,浦东新区,上海市,上海市
30.96008,121.877812,28,上海,浦东新区,上海市,上海市
30.96008,121.919812,12,上海,浦东新区,上海市,上海市
30.996116,120.995812,3,上海,青浦区,上海市,上海市
30.996116,121.037812,51,上海,青浦区,上海市,上海市
30.996116,121.079812,20,上海,青浦区,上海市,上海市
30.996116,121.121812,14,上海,松江区,上海市,上海市
30.996116,121.163812,38,上海,松江区,上海市,上海市
30.996116,121.205812,453,上海,松江区,上海市,上海市
30.996116,121.247812,1010,上海,松江区,上海市,上海市
30.996116,121.289812,127,上海,松江区,上海市,上海市
30.996116,121.331812,140,上海,闵行区,上海市,上海市
30.996116,121.373812,92,上海,闵行区,上海市,上海市
30.996116,121.415812,999,上海,闵行区,上海市,上海市
30.996116,121.457812,94,上海,奉贤区,上海市,上海市
30.996116,121.499812,129,上海,奉贤区,上海市,上海市
30.996116,121.541812,20,上海,闵行区,上海市,上海市
30.996116,121.583812,39,上海,奉贤区,上海市,上海市
30.996116,121.625812,7,上海,浦东新区,上海市,上海市
30.996116,121.667812,7,上海,浦东新区,上海市,上海市
30.996116,121.751812,25,上海,浦东新区,上海市,上海市
30.996116,121.793812,13,上海,浦东新区,上海市,上海市
30.996116,121.835812,4,上海,浦东新区,上海市,上海市
30.996116,121.877812,51,上海,浦东新区,上海市,上海市
31.032152,120.911812,26,上海,青浦区,上海市,上海市
31.032152,120.995812,4,上海,青浦区,上海市,上海市
31.032152,121.037812,3,上海,青浦区,上海市,上海市
31.032152,121.079812,11,上海,青浦区,上海市,上海市
31.032152,121.121812,105,上海,松江区,上海市,上海市
31.032152,121.163812,17,上海,松江区,上海市,上海市
31.032152,121.205812,2118,上海,松江区,上海市,上海市
31.032152,121.247812,782,上海,松江区,上海市,上海市
31.032152,121.289812,308,上海,松江区,上海市,上海市
31.032152,121.331812,74,上海,松江区,上海市,上海市
31.032152,121.373812,175,上海,闵行区,上海市,上海市
31.032152,121.415812,795,上海,闵行区,上海市,上海市
31.032152,121.457812,709,上海,闵行区,上海市,上海市
31.032152,121.499812,59,上海,闵行区,上海市,上海市
31.032152,121.541812,130,上海,闵行区,上海市,上海市
31.032152,121.583812,363,上海,浦东新区,上海市,上海市
31.032152,121.625812,258,上海,浦东新区,上海市,上海市
31.032152,121.667812,144,上海,浦东新区,上海市,上海市
31.032152,121.709812,125,上海,浦东新区,上海市,上海市
31.032152,121.751812,1010,上海,浦东新区,上海市,上海市
31.032152,121.793812,305,上海,浦东新区,上海市,上海市
31.032152,121.835812,36,上海,浦东新区,上海市,上海市
31.068188,120.911812,16,上海,青浦区,上海市,上海市
31.068188,120.953812,19,上海,青浦区,上海市,上海市
31.068188,120.995812,16,上海,青浦区,上海市,上海市
31.068188,121.037812,35,上海,青浦区,上海市,上海市
31.068188,121.079812,8,上海,青浦区,上海市,上海市
31.068188,121.121812,9,上海,青浦区,上海市,上海市
31.068188,121.163812,40,上海,松江区,上海市,上海市
31.068188,121.205812,255,上海,松江区,上海市,上海市
31.068188,121.247812,931,上海,松江区,上海市,上海市
31.068188,121.289812,222,上海,松江区,上海市,上海市
31.068188,121.331812,415,上海,松江区,上海市,上海市
31.068188,121.373812,201,上海,闵行区,上海市,上海市
31.068188,121.415812,666,上海,闵行区,上海市,上海市
31.068188,121.457812,81,上海,闵行区,上海市,上海市
31.068188,121.499812,604,上海,闵行区,上海市,上海市
31.068188,121.541812,589,上海,闵行区,上海市,上海市
31.068188,121.583812,169,上海,浦东新区,上海市,上海市
31.068188,121.625812,47,上海,浦东新区,上海市,上海市
31.068188,121.667812,8,上海,浦东新区,上海市,上海市
31.068188,121.709812,86,上海,浦东新区,上海市,上海市
31.068188,121.751812,359,上海,浦东新区,上海市,上海市
31.068188,121.793812,67,上海,浦东新区,上海市,上海市
31.104224,120.911812,32,上海,青浦区,上海市,上海市
31.104224,120.953812,5,上海,青浦区,上海市,上海市
31.104224,120.995812,16,上海,青浦区,上海市,上海市
31.104224,121.037812,528,上海,青浦区,上海市,上海市
31.104224,121.079812,70,上海,青浦区,上海市,上海市
31.104224,121.121812,5,上海,松江区,上海市,上海市
31.104224,121.163812,89,上海,青浦区,上海市,上海市
31.104224,121.205812,180,上海,松江区,上海市,上海市
31.104224,121.247812,679,上海,松江区,上海市,上海市
31.104224,121.289812,498,上海,松江区,上海市,上海市
31.104224,121.331812,460,上海,松江区,上海市,上海市
31.104224,121.373812,2022,上海,闵行区,上海市,上海市
31.104224,121.415812,845,上海,闵行区,上海市,上海市
31.104224,121.457812,251,上海,徐汇区,上海市,上海市
31.104224,121.499812,433,上海,闵行区,上海市,上海市
31.104224,121.541812,98,上海,闵行区,上海市,上海市
31.104224,121.583812,1435,上海,浦东新区,上海市,上海市
31.104224,121.625812,139,上海,浦东新区,上海市,上海市
31.104224,121.667812,61,上海,浦东新区,上海市,上海市
31.104224,121.709812,94,上海,浦东新区,上海市,上海市
31.104224,121.751812,330,上海,浦东新区,上海市,上海市
31.104224,121.793812,36,上海,浦东新区,上海市,上海市
31.104224,121.835812,5,上海,浦东新区,上海市,上海市
31.14026,121.079812,325,上海,青浦区,上海市,上海市
31.14026,121.121812,1015,上海,青浦区,上海市,上海市
31.14026,121.163812,81,上海,青浦区,上海市,上海市
31.14026,121.205812,150,上海,青浦区,上海市,上海市
31.14026,121.247812,130,上海,青浦区,上海市,上海市
31.14026,121.289812,296,上海,松江区,上海市,上海市
31.14026,121.331812,2126,上海,松江区,上海市,上海市
31.14026,121.373812,1751,上海,闵行区,上海市,上海市
31.14026,121.415812,2510,上海,徐汇区,上海市,上海市
31.14026,121.457812,525,上海,徐汇区,上海市,上海市
31.14026,121.499812,1418,上海,浦东新区,上海市,上海市
31.14026,121.541812,440,上海,浦东新区,上海市,上海市
31.14026,121.583812,966,上海,浦东新区,上海市,上海市
31.14026,121.625812,257,上海,浦东新区,上海市,上海市
31.14026,121.667812,107,上海,浦东新区,上海市,上海市
31.14026,121.709812,82,上海,浦东新区,上海市,上海市
31.14026,121.751812,205,上海,浦东新区,上海市,上海市
31.14026,121.793812,188,上海,浦东新区,上海市,上海市
31.14026,121.835812,6,上海,浦东新区,上海市,上海市
31.176296,121.079812,110,上海,青浦区,上海市,上海市
31.176296,121.121812,279,上海,青浦区,上海市,上海市
31.176296,121.163812,356,上海,青浦区,上海市,上海市
31.176296,121.205812,115,上海,青浦区,上海市,上海市
31.176296,121.247812,280,上海,青浦区,上海市,上海市
31.176296,121.289812,702,上海,青浦区,上海市,上海市
31.176296,121.331812,1270,上海,闵行区,上海市,上海市
31.176296,121.373812,3104,上海,闵行区,上海市,上海市
31.176296,121.415812,3474,上海,徐汇区,上海市,上海市
31.176296,121.457812,2597,上海,徐汇区,上海市,上海市
31.176296,121.499812,1876,上海,浦东新区,上海市,上海市
31.176296,121.541812,1210,上海,浦东新区,上海市,上海市
31.176296,121.583812,427,上海,浦东新区,上海市,上海市
31.176296,121.625812,387,上海,浦东新区,上海市,上海市
31.176296,121.667812,243,上海,浦东新区,上海市,上海市
31.176296,121.709812,859,上海,浦东新区,上海市,上海市
31.176296,121.751812,259,上海,浦东新区,上海市,上海市
31.176296,121.793812,46,上海,浦东新区,上海市,上海市
31.212332,121.079812,23,上海,青浦区,上海市,上海市
31.212332,121.121812,60,上海,青浦区,上海市,上海市
31.212332,121.163812,52,上海,青浦区,上海市,上海市
31.212332,121.205812,83,上海,青浦区,上海市,上海市
31.212332,121.247812,334,上海,青浦区,上海市,上海市
31.212332,121.289812,624,上海,闵行区,上海市,上海市
31.212332,121.331812,833,上海,闵行区,上海市,上海市
31.212332,121.373812,2262,上海,长宁区,上海市,上海市
31.212332,121.415812,5201,上海,长宁区,上海市,上海市
31.212332,121.457812,7680,上海,徐汇区,上海市,上海市
31.212332,121.499812,4661,上海,黄浦区,上海市,上海市
31.212332,121.541812,2751,上海,浦东新区,上海市,上海市
31.212332,121.583812,789,上海,浦东新区,上海市,上海市
31.212332,121.625812,1192,上海,浦东新区,上海市,上海市
31.212332,121.667812,602,上海,浦东新区,上海市,上海市
31.212332,121.709812,516,上海,浦东新区,上海市,上海市
31.212332,121.751812,53,上海,浦东新区,上海市,上海市
31.248368,121.079812,47,上海,青浦区,上海市,上海市
31.248368,121.121812,94,上海,青浦区,上海市,上海市
31.248368,121.163812,16,上海,青浦区,上海市,上海市
31.248368,121.205812,226,上海,青浦区,上海市,上海市
31.248368,121.247812,187,上海,闵行区,上海市,上海市
31.248368,121.289812,124,上海,嘉定区,上海市,上海市
31.248368,121.331812,1728,上海,嘉定区,上海市,上海市
31.248368,121.373812,2359,上海,嘉定区,上海市,上海市
31.248368,121.415812,3628,上海,普陀区,上海市,上海市
31.248368,121.457812,6546,上海,静安区,上海市,上海市
31.248368,121.499812,6210,上海,虹口区,上海市,上海市
31.248368,121.541812,1875,上海,浦东新区,上海市,上海市
31.248368,121.583812,1676,上海,浦东新区,上海市,上海市
31.248368,121.625812,539,上海,浦东新区,上海市,上海市
31.248368,121.667812,600,上海,浦东新区,上海市,上海市
31.248368,121.709812,180,上海,浦东新区,上海市,上海市
31.248368,121.751812,9,上海,浦东新区,上海市,上海市
31.284404,121.121812,5,上海,青浦区,上海市,上海市
31.284404,121.163812,743,上海,嘉定区,上海市,上海市
31.284404,121.205812,293,上海,嘉定区,上海市,上海市
31.284404,121.247812,39,上海,嘉定区,上海市,上海市
31.284404,121.289812,703,上海,嘉定区,上海市,上海市
31.284404,121.331812,976,上海,嘉定区,上海市,上海市
31.284404,121.373812,371,上海,普陀区,上海市,上海市
31.284404,121.415812,2110,上海,宝山区,上海市,上海市
31.284404,121.457812,3050,上海,静安区,上海市,上海市
31.284404,121.499812,4669,上海,杨浦区,上海市,上海市
31.284404,121.541812,2405,上海,杨浦区,上海市,上海市
31.284404,121.583812,941,上海,浦东新区,上海市,上海市
31.284404,121.625812,814,上海,浦东新区,上海市,上海市
31.284404,121.667812,776,上海,浦东新区,上海市,上海市
31.284404,121.709812,19,上海,浦东新区,上海市,上海市
31.32044,121.163812,97,上海,嘉定区,上海市,上海市
31.32044,121.205812,121,上海,嘉定区,上海市,上海市
31.32044,121.247812,332,上海,嘉定区,上海市,上海市
31.32044,121.289812,536,上海,嘉定区,上海市,上海市
31.32044,121.331812,220,上海,嘉定区,上海市,上海市
31.32044,121.373812,808,上海,宝山区,上海市,上海市
31.32044,121.415812,621,上海,宝山区,上海市,上海市
31.32044,121.457812,3191,上海,静安区,上海市,上海市
31.32044,121.499812,2267,上海,杨浦区,上海市,上海市
31.32044,121.541812,1212,上海,杨浦区,上海市,上海市
31.32044,121.583812,464,上海,浦东新区,上海市,上海市
31.32044,121.625812,333,上海,浦东新区,上海市,上海市
31.32044,121.667812,11,上海,浦东新区,上海市,上海市
31.32044,121.835812,6,上海,崇明区,上海市,上海市
31.32044,121.877812,5,上海,崇明区,上海市,上海市
31.356476,121.121812,7,上海,嘉定区,上海市,上海市
31.356476,121.163812,204,上海,嘉定区,上海市,上海市
31.356476,121.205812,25,上海,嘉定区,上海市,上海市
31.356476,121.247812,1023,上海,嘉定区,上海市,上海市
31.356476,121.289812,59,上海,嘉定区,上海市,上海市
31.356476,121.331812,48,上海,嘉定区,上海市,上海市
31.356476,121.373812,906,上海,宝山区,上海市,上海市
31.356476,121.415812,794,上海,宝山区,上海市,上海市
31.356476,121.457812,491,上海,宝山区,上海市,上海市
31.356476,121.499812,557,上海,宝山区,上海市,上海市
31.356476,121.541812,53,上海,浦东新区,上海市,上海市
31.356476,121.583812,673,上海,浦东新区,上海市,上海市
31.356476,121.751812,32,上海,崇明区,上海市,上海市
31.356476,121.835812,24,上海,崇明区,上海市,上海市
31.392512,121.163812,29,上海,嘉定区,上海市,上海市
31.392512,121.205812,131,上海,嘉定区,上海市,上海市
31.392512,121.247812,1396,上海,嘉定区,上海市,上海市
31.392512,121.289812,274,上海,嘉定区,上海市,上海市
31.392512,121.331812,260,上海,宝山区,上海市,上海市
31.392512,121.373812,180,上海,宝山区,上海市,上海市
31.392512,121.415812,335,上海,宝山区,上海市,上海市
31.392512,121.457812,494,上海,宝山区,上海市,上海市
31.392512,121.499812,1096,上海,宝山区,上海市,上海市
31.392512,121.667812,66,上海,崇明区,上海市,上海市
31.392512,121.709812,218,上海,崇明区,上海市,上海市
31.392512,121.751812,10,上海,崇明区,上海市,上海市
31.428548,121.205812,145,上海,嘉定区,上海市,上海市
31.428548,121.247812,22,上海,嘉定区,上海市,上海市
31.428548,121.289812,93,上海,嘉定区,上海市,上海市
31.428548,121.331812,353,上海,嘉定区,上海市,上海市
31.428548,121.373812,75,上海,宝山区,上海市,上海市
31.428548,121.415812,256,上海,宝山区,上海市,上海市
31.428548,121.667812,3,上海,崇明区,上海市,上海市
31.464584,121.247812,47,上海,嘉定区,上海市,上海市
31.464584,121.289812,19,上海,嘉定区,上海市,上海市
31.464584,121.331812,127,上海,宝山区,上海市,上海市
31.464584,121.373812,8,上海,宝山区,上海市,上海市
31.464584,121.415812,81,上海,宝山区,上海市,上海市
31.464584,121.793812,4,上海,崇明区,上海市,上海市
31.464584,121.835812,7,上海,崇明区,上海市,上海市
31.50062,121.331812,21,上海,宝山区,上海市,上海市
31.50062,121.751812,5,上海,崇明区,上海市,上海市
31.50062,121.793812,86,上海,崇明区,上海市,上海市
31.50062,121.835812,10,上海,崇明区,上海市,上海市
31.536656,121.625812,182,上海,崇明区,上海市,上海市
31.536656,121.667812,7,上海,崇明区,上海市,上海市
31.536656,121.709812,29,上海,崇明区,上海市,上海市
31.536656,121.751812,30,上海,崇明区,上海市,上海市
31.536656,121.793812,15,上海,崇明区,上海市,上海市
31.536656,121.835812,91,上海,崇明区,上海市,上海市
31.536656,121.877812,12,上海,崇明区,上海市,上海市
31.572692,121.499812,3,上海,崇明区,上海市,上海市
31.572692,121.541812,44,上海,崇明区,上海市,上海市
31.572692,121.583812,11,上海,崇明区,上海市,上海市
31.572692,121.625812,3,上海,崇明区,上海市,上海市
31.572692,121.667812,14,上海,崇明区,上海市,上海市
31.572692,121.709812,7,上海,崇明区,上海市,上海市
31.572692,121.793812,6,上海,崇明区,上海市,上海市
31.608728,121.373812,76,上海,崇明区,上海市,上海市
31.608728,121.415812,238,上海,崇明区,上海市,上海市
31.608728,121.457812,9,上海,崇明区,上海市,上海市
31.608728,121.499812,3,上海,崇明区,上海市,上海市
31.608728,121.541812,9,上海,崇明区,上海市,上海市
31.608728,121.583812,11,上海,崇明区,上海市,上海市
31.608728,121.667812,3,上海,崇明区,上海市,上海市
31.644764,121.373812,45,上海,崇明区,上海市,上海市
31.644764,121.415812,123,上海,崇明区,上海市,上海市
31.644764,121.457812,14,上海,崇明区,上海市,上海市
31.644764,121.499812,5,上海,崇明区,上海市,上海市
31.644764,121.541812,3,上海,崇明区,上海市,上海市
31.644764,121.625812,3,上海,崇明区,上海市,上海市
31.6808,121.373812,11,上海,崇明区,上海市,上海市
31.6808,121.415812,9,上海,崇明区,上海市,上海市
31.6808,121.457812,41,上海,崇明区,上海市,上海市
31.6808,121.499812,17,上海,崇明区,上海市,上海市
31.716836,121.247812,4,上海,崇明区,上海市,上海市
31.716836,121.331812,25,上海,崇明区,上海市,上海市
31.716836,121.499812,34,上海,崇明区,上海市,上海市
31.752872,121.205812,11,上海,崇明区,上海市,上海市
31.752872,121.247812,10,上海,崇明区,上海市,上海市
31.752872,121.289812,10,上海,崇明区,上海市,上海市
31.752872,121.373812,3,上海,崇明区,上海市,上海市
31.752872,121.415812,3,上海,崇明区,上海市,上海市
31.824944,121.289812,3,上海,崇明区,上海市,上海市
